All Relief Pitchers 2010 MLB Standard Stats,,,,,,,,,,,,,,,
Player,Team,INN,GS,QS,CG,W,L,S,BS,K,BBI,HA,ERA,WHIP,Rank
Wagner, Billy RP ATL	Floaters and Sinkers	69.3	0	0	0	7	2	37	7	104	22	38	1.428	0.8654	10
Wilson, Brian RP SF 	Blue Crew	74.7	0	0	0	3	3	48	5	93	26	62	1.808	1.1786	11
Soriano, Rafael RP TB 	Shits & Giggles	62.3	0	0	0	3	2	45	3	57	14	36	1.733	0.8021	12
Bell, Heath RP SD 	Grape Apes	70.0	0	0	0	6	1	47	3	86	28	56	1.929	1.2000	14
Feliz, Neftali RP TEX 	SA`s	69.3	0	0	0	4	3	40	3	71	18	43	2.726	0.8798	21
Soria, Joakim RP KC	Floaters and Sinkers	65.7	0	0	0	1	2	43	3	71	16	53	1.782	1.0508	24
Marmol, Carlos RP CHC	Free Agent	77.7	0	0	0	2	3	38	5	138	52	40	2.549	1.1845	33
Capps, Matt RP MIN	Blue Crew	73.0	0	0	0	5	3	42	6	59	17	75	2.466	1.2603	41
Rivera, Mariano RP NYY 	Evil Empire	60.0	0	0	0	3	3	33	5	45	11	39	1.800	0.8333	49
Papelbon, Jonathan RP BOS	SA`s	67.0	0	0	0	5	7	37	8	76	28	57	3.896	1.2687	74
Cordero, Francisco RP CIN	Grape Apes	72.7	0	0	0	6	5	40	8	59	36	68	3.839	1.4312	82
Axford, John RP MIL	Shits & Giggles	58.0	0	0	0	8	2	24	3	76	27	42	2.483	1.1897	95
Franklin, Ryan RP STL	User Abuser	65.0	0	0	0	6	2	27	2	42	10	57	3.462	1.0308	99
Perez, Chris RP CLE	Evil Empire	63.0	0	0	0	2	2	23	4	61	28	40	1.714	1.0794	101
Rodriguez, Francisco RP NYM 	Shits & Giggles	57.3	0	0	0	4	2	25	5	67	21	45	2.198	1.1512	108
Gregg, Kevin RP TOR 	Sofa Kings	59.0	0	0	0	2	6	37	6	58	30	52	3.509	1.3898	109
Kuo, Hong-Chih RP LA	Evil Empire	60.0	0	0	0	3	2	12	1	73	18	29	1.200	0.7833	112
Nunez, Leo RP FLA	Free Agent	65.0	0	0	0	4	3	30	8	71	21	62	3.462	1.2769	116
Bailey, Andrew RP OAK 	Whiteness	49.0	0	0	0	1	3	25	3	42	13	34	1.469	0.9592	118
Valverde, Jose RP DET	User Abuser	63.0	0	0	0	2	4	26	3	63	32	41	3.000	1.1587	128
Aardsma, David RP SEA 	Disco Bush Horticulturists	49.7	0	0	0	0	6	31	5	49	25	33	3.443	1.1678	141
Fuentes, Brian RP MIN	Free Agent	48.0	0	0	0	4	1	24	4	47	20	31	2.812	1.0625	143
Lyon, Brandon RP HOU	Sofa Kings	78.0	0	0	0	6	6	20	2	54	31	68	3.115	1.2692	155
Duensing, Brian RP MIN	SA`s	130.7	13	9	1	10	3	0	0	78	35	122	2.617	1.2015	161
Lidge, Brad RP PHI	Evil Empire	45.7	0	0	0	1	1	27	5	52	24	32	2.956	1.2263	162
Takahashi, Hisanori RP ANA 	Titty`s Warriors	122.0	12	6	0	10	6	8	0	114	43	116	3.615	1.3033	172
Chacin, Jhoulys SP COL	Floaters and Sinkers	137.3	21	11	0	9	11	0	0	138	61	114	3.277	1.2743	178
Benoit, Joaquin RP DET 	Free Agent	60.3	0	0	0	1	2	1	3	75	11	30	1.343	0.6796	182
Meek, Evan RP PIT	Free Agent	80.0	0	0	0	5	4	4	6	70	31	53	2.138	1.0500	184
Gregerson, Luke RP SD	Free Agent	78.3	0	0	0	4	7	2	5	89	18	47	3.217	0.8298	187
Street, Huston RP COL	Disco Bush Horticulturists	47.3	0	0	0	4	4	20	5	45	11	39	3.613	1.0563	188
Hensley, Clay RP FLA	Free Agent	75.0	0	0	0	3	4	7	3	77	29	54	2.160	1.1067	191
Thornton, Matt RP CHW 	Free Agent	60.7	0	0	0	5	4	8	2	81	20	41	2.670	1.0055	193
Clippard, Tyler RP WAS	Free Agent	91.0	0	0	0	11	8	1	10	112	41	69	3.066	1.2088	195
Dotel, Octavio RP COL 	Free Agent	64.0	0	0	0	3	4	22	6	75	32	52	4.078	1.3125	197
Belisle, Matt RP COL	Free Agent	92.0	0	0	0	7	5	1	1	91	16	84	2.935	1.0870	200
Rauch, Jon RP MIN	Free Agent	57.7	0	0	0	3	1	21	4	46	14	61	3.121	1.3006	201
Stauffer, Tim RP SD	Free Agent	82.7	7	4	0	6	5	0	0	61	24	65	1.851	1.0766	206
Jenks, Bobby RP BOS 	Free Agent	52.7	0	0	0	1	3	27	4	61	18	54	4.443	1.3671	207
Bard, Daniel RP BOS	Blue Crew	74.7	0	0	0	1	2	3	7	76	30	45	1.929	1.0045	211
Broxton, Jonathan RP LA	Titty`s Warriors	62.3	0	0	0	5	6	22	7	73	28	64	4.043	1.4759	216
Venters, Jonny RP ATL	Free Agent	83.0	0	0	0	4	4	1	4	93	39	61	1.952	1.2048	221
Marshall, Sean RP CHC	Free Agent	74.7	0	0	0	7	5	1	2	90	25	58	2.652	1.1116	224
O'Day, Darren RP TEX	Free Agent	62.0	0	0	0	6	2	0	2	45	12	43	2.032	0.8871	237
Uehara, Koji RP BAL 	Evil Empire	44.0	0	0	0	1	2	13	2	55	5	37	2.864	0.9545	238
League, Brandon RP SEA	Free Agent	79.0	0	0	0	9	7	6	6	56	27	67	3.418	1.1899	243
Breslow, Craig RP OAK	Free Agent	74.7	0	0	0	4	4	5	2	71	29	53	3.013	1.0982	244
Adams, Mike RP SD	Free Agent	66.7	0	0	0	4	1	0	4	73	23	48	1.755	1.0650	249
Romo, Sergio RP SF	Free Agent	62.0	0	0	0	5	3	0	4	70	14	46	2.177	0.9677	252
Madson, Ryan RP PHI	Free Agent	53.0	0	0	0	6	2	5	5	64	13	42	2.547	1.0377	253
Putz, J.J. RP ARI 	Free Agent	54.0	0	0	0	7	5	3	4	65	15	41	2.833	1.0370	270
McClellan, Kyle RP STL	Free Agent	75.3	0	0	0	1	4	2	1	60	23	58	2.270	1.0752	272
Zambrano, Carlos SP CHC	Whiteness	129.7	20	12	0	11	6	0	0	117	69	119	3.332	1.4499	275
Hanrahan, Joel RP PIT 	Free Agent	69.7	0	0	0	4	1	6	4	100	26	58	3.617	1.2057	277
Betancourt, Rafael RP COL	Free Agent	62.3	0	0	0	5	1	1	4	89	8	52	3.610	0.9626	280
Casilla, Santiago RP SF	Free Agent	55.3	0	0	0	7	2	2	1	56	26	40	1.952	1.1928	292
Medlen, Kris RP ATL 	Free Agent	107.7	14	7	0	6	2	0	0	83	21	108	3.678	1.1981	293
Figueroa, Nelson RP HOU	SA`s	93.0	11	4	0	7	4	1	0	73	34	84	3.290	1.2688	300
Downs, Scott RP ANA 	Free Agent	61.3	0	0	0	5	5	0	2	48	14	47	2.641	0.9946	302
Chen, Bruce SP KC	Want-a-be Ghetto All Stars	140.3	23	8	1	12	7	1	0	98	57	136	4.169	1.3753	303
Burnett, Sean RP WAS 	Free Agent	63.0	0	0	0	1	7	3	1	62	20	52	2.143	1.1429	304
Lopez, Wilton RP HOU	Free Agent	67.0	0	0	0	5	2	1	2	50	5	66	2.955	1.0597	305
Mujica, Edward RP FLA 	Free Agent	69.7	0	0	0	2	1	0	1	72	6	59	3.617	0.9330	311
Peralta, Joel RP TB 	Free Agent	49.0	0	0	0	1	0	0	2	49	9	30	2.020	0.7959	313
Lindstrom, Matt RP COL 	Blue Crew	53.3	0	0	0	2	5	23	6	43	20	68	4.388	1.6500	316
Rhodes, Arthur RP CIN 	Free Agent	55.0	0	0	0	4	4	0	2	50	18	38	2.291	1.0182	324
Motte, Jason RP STL	Free Agent	52.3	0	0	0	4	2	2	1	54	18	41	2.236	1.1274	328
Guerrier, Matt RP LA 	Free Agent	71.0	0	0	0	5	7	1	6	42	22	56	3.169	1.0986	332
Sanches, Brian RP FLA	Free Agent	63.7	0	0	0	2	2	0	1	54	27	43	2.262	1.0995	336
Oliver, Darren RP TEX	Free Agent	61.7	0	0	0	1	2	1	3	65	15	53	2.481	1.1027	337
Masset, Nick RP CIN	Free Agent	76.7	0	0	0	4	4	2	3	85	33	64	3.404	1.2652	338
Contreras, Jose RP PHI 	Free Agent	56.7	0	0	0	6	4	4	1	57	16	53	3.335	1.2176	339
Ramirez, Ramon RP SF	Free Agent	69.3	0	0	0	1	3	3	0	46	27	52	2.986	1.1394	356
Saito, Takashi RP ATL	Free Agent	54.0	0	0	0	2	3	1	1	69	17	41	2.833	1.0741	357
Balfour, Grant RP TB	Free Agent	55.3	0	0	0	2	1	0	1	56	17	43	2.277	1.0843	358
Camp, Shawn RP TOR	Free Agent	72.3	0	0	0	4	3	2	2	46	18	71	2.986	1.2304	359
Narveson, Chris SP MIL	Want-a-be Ghetto All Stars	167.7	28	12	0	12	9	0	1	137	59	172	4.992	1.3777	369
Rodney, Fernando RP ANA	Sofa Kings	68.0	0	0	0	4	3	14	7	53	35	70	4.235	1.5441	376
Simon, Alfredo RP BAL	Free Agent	49.3	0	0	0	4	2	17	4	37	22	54	4.926	1.5405	378
Ogando, Alexi RP TEX 	Free Agent	41.7	0	0	0	4	1	0	2	39	16	31	1.296	1.1280	379
Crain, Jesse RP CHW 	Free Agent	68.0	0	0	0	1	1	1	3	62	27	53	3.044	1.1765	384
Thatcher, Joe RP SD	Free Agent	35.0	0	0	0	1	0	0	0	45	7	23	1.286	0.8571	387
Storen, Drew RP WAS	Whiteness	55.3	0	0	0	4	4	5	2	52	22	48	3.578	1.2651	388
Jansen, Kenley RP LA	Free Agent	27.0	0	0	0	1	0	4	0	41	15	12	0.667	1.0000	390
Wood, Kerry RP CHC 	Free Agent	46.0	0	0	0	3	4	8	4	49	29	35	3.130	1.3913	391
Farnsworth, Kyle RP ATL 	Free Agent	64.7	0	0	0	3	2	0	3	61	19	55	3.340	1.1443	392
Lopez, Javier RP SF	Free Agent	57.7	0	0	0	4	2	0	0	38	20	50	2.341	1.2139	395
Wheeler, Dan RP BOS 	Free Agent	48.3	0	0	0	2	4	3	3	46	16	36	3.352	1.0759	401
Loe, Kameron RP MIL	Free Agent	58.3	0	0	0	3	5	0	2	46	15	54	2.777	1.1829	404
Francisco, Frank RP TEX 	Free Agent	52.7	0	0	0	6	4	2	4	60	18	49	3.760	1.2722	406
Gutierrez, Juan RP ARI	Free Agent	56.7	0	0	0	0	6	15	2	47	23	55	5.082	1.3765	407
Gorzelanny, Tom SP CHC	Free Agent	136.3	23	11	0	7	9	1	0	119	68	136	4.093	1.4963	412
Moylan, Peter RP ATL	Free Agent	63.7	0	0	0	6	2	1	3	52	37	53	2.969	1.4136	416
Frasor, Jason RP TOR	Free Agent	63.7	0	0	0	3	4	4	4	65	27	61	3.675	1.3822	425
Corpas, Manny RP COL 	Free Agent	62.3	0	0	0	3	5	10	4	47	22	66	4.620	1.4118	427
Heilman, Aaron RP ARI	Free Agent	72.0	0	0	0	5	8	6	8	55	26	73	4.500	1.3750	428
Chamberlain, Joba RP NYY	Free Agent	71.7	0	0	0	3	4	3	4	77	22	71	4.395	1.2977	430
Perry, Ryan RP DET	Free Agent	62.7	0	0	0	3	5	2	3	45	23	55	3.590	1.2447	432
Ondrusek, Logan RP CIN	Free Agent	58.7	0	0	0	5	0	0	2	39	20	49	3.682	1.1761	439
Hernandez, David RP ARI 	Free Agent	79.3	8	2	0	8	8	2	4	72	42	72	4.311	1.4370	443
Carrasco, D.J. RP NYM 	Free Agent	78.3	0	0	0	3	2	0	1	65	34	68	3.677	1.3021	444
Sale, Chris RP CHW 	Free Agent	23.3	0	0	0	2	1	4	0	32	10	15	1.929	1.0714	445
Coke, Phil RP DET	User Abuser	64.7	1	0	0	7	5	2	2	53	26	67	3.758	1.4381	448
Kimbrel, Craig RP ATL	Free Agent	20.7	0	0	0	4	0	1	0	40	16	9	0.435	1.2097	453
Dessens, Elmer RP NYM	Free Agent	47.0	0	0	0	4	2	0	1	16	16	41	2.298	1.2128	455
Durbin, Chad RP PHI	Free Agent	68.7	0	0	0	4	1	0	1	63	27	63	3.801	1.3107	457
Zumaya, Joel RP DET 	Free Agent	38.3	0	0	0	2	1	1	2	34	11	32	2.583	1.1217	459
Batista, Miguel RP WAS	Free Agent	82.7	1	0	0	1	2	2	0	55	39	71	3.702	1.3306	461
Janssen, Casey RP TOR	Grape Apes	68.7	0	0	0	5	2	0	0	63	21	74	3.670	1.3835	462
Acosta, Manny RP NYM	Free Agent	39.7	0	0	0	3	2	1	2	42	18	30	2.950	1.2101	463
Berken, Jason RP BAL 	Free Agent	62.3	0	0	0	3	3	0	4	45	19	64	3.032	1.3316	464
O'Flaherty, Eric RP ATL	Free Agent	44.0	0	0	0	3	2	0	1	36	18	37	2.454	1.2500	466
Mitre, Sergio RP NYY 	Free Agent	54.0	3	0	0	0	3	1	0	29	16	43	3.333	1.0926	473
Ray, Chris RP SF 	Free Agent	55.7	0	0	0	5	0	2	2	31	25	48	3.719	1.3114	474
Frieri, Ernesto RP SD	Free Agent	31.7	0	0	0	1	1	0	0	41	17	18	1.705	1.1053	475
Badenhop, Burke RP FLA	Free Agent	67.7	0	0	0	2	5	1	2	47	21	62	3.990	1.2266	477
Vazquez, Javier SP FLA 	Titty`s Warriors	157.3	26	10	0	10	10	0	0	121	65	155	5.320	1.3983	482
Capuano, Chris RP MIL	Grape Apes	66.0	9	4	0	4	4	0	0	54	21	65	3.954	1.3030	483
Tejeda, Robinson RP KC	Free Agent	61.0	0	0	0	3	5	0	6	56	26	55	3.541	1.3279	485
Boggs, Mitchell RP STL	Free Agent	67.3	0	0	0	2	3	0	0	52	27	60	3.609	1.2921	486
Hellickson, Jeremy RP TB	User Abuser	36.3	4	4	0	4	0	0	1	33	8	32	3.468	1.1009	492
Mazzaro, Vin SP KC 	Free Agent	122.3	18	12	0	6	8	0	0	79	50	127	4.267	1.4469	494
Webb, Ryan RP FLA 	Free Agent	59.0	0	0	0	3	1	0	2	44	19	64	2.898	1.4068	498
Ziegler, Brad RP OAK	Free Agent	60.7	0	0	0	3	7	0	4	41	28	54	3.264	1.3516	503
Veras, Jose RP FLA	Free Agent	48.0	0	0	0	3	3	0	2	54	29	32	3.750	1.2708	504
Slaten, Doug RP WAS	Free Agent	40.7	0	0	0	4	1	0	0	36	19	34	3.098	1.3033	511
Wuertz, Michael RP OAK 	Free Agent	39.7	0	0	0	2	3	6	0	40	21	35	4.311	1.4118	517
Robertson, David RP NYY	Free Agent	61.3	0	0	0	4	5	1	2	71	33	59	3.815	1.5000	519
Thompson, Rich RP ANA	Free Agent	19.7	0	0	0	2	0	0	0	15	4	12	1.373	0.8136	523
Sipp, Tony RP CLE	Free Agent	63.0	0	0	0	2	2	1	2	69	39	48	4.143	1.3810	528
Lewis, Jensen RP CLE 	Free Agent	36.3	0	0	0	4	2	0	0	29	19	28	2.973	1.2936	529
Masterson, Justin SP CLE	User Abuser	180.0	29	12	1	6	13	0	0	140	73	197	4.700	1.5000	531
Germano, Justin RP CLE 	Sofa Kings	35.3	1	0	0	0	3	0	1	29	8	27	3.311	0.9906	535
Santos, Sergio RP CHW	Free Agent	51.7	0	0	0	2	2	1	2	56	26	53	2.961	1.5290	538
Sweeney, Brian RP ARI 	Free Agent	37.0	0	0	0	1	2	0	1	14	6	33	3.162	1.0541	546
Villanueva, Carlos RP TOR 	Free Agent	52.7	0	0	0	2	0	1	3	67	22	48	4.614	1.3291	547
Sonnanstine, Andy RP TB	Free Agent	81.0	4	0	0	3	1	1	0	50	27	83	4.444	1.3580	548
Logan, Boone RP NYY	Free Agent	40.0	0	0	0	2	0	0	0	38	20	34	2.925	1.3500	549
Park, Chan Ho RP PIT 	Free Agent	63.7	0	0	0	4	3	0	3	52	19	65	4.665	1.3194	558
Hoffman, Trevor RP MIL 	Free Agent	47.3	0	0	0	2	7	10	5	30	19	49	5.894	1.4366	559
Choate, Randy RP FLA 	Free Agent	44.7	0	0	0	4	3	0	2	40	17	41	4.231	1.2985	560
Feliciano, Pedro RP NYM 	Free Agent	62.7	0	0	0	3	6	0	1	56	30	66	3.303	1.5319	563
Linebrink, Scott RP ATL 	Free Agent	57.3	0	0	0	3	2	0	1	52	17	59	4.395	1.3256	564
Jepsen, Kevin RP ANA	Free Agent	59.0	0	0	0	2	4	0	4	61	29	54	3.966	1.4068	566
Perez, Rafael RP CLE	Free Agent	61.0	0	0	0	6	1	0	4	36	25	72	3.246	1.5902	567
Reynolds, Matt RP COL	Free Agent	18.0	0	0	0	1	0	0	0	17	5	10	2.000	0.8333	570
Affeldt, Jeremy RP SF	Free Agent	50.0	0	0	0	4	3	4	3	44	24	56	4.140	1.6000	573
Purcey, David RP TOR	Free Agent	34.0	0	0	0	1	1	1	0	32	15	26	3.706	1.2059	575
Smith, Jordan RP CIN	Free Agent	42.0	0	0	0	3	2	1	1	26	11	45	3.857	1.3333	577
Belisario, Ronald RP LA	Free Agent	55.3	0	0	0	3	1	2	2	38	19	52	5.042	1.2831	578
McClendon, Mike RP MIL	Free Agent	21.0	0	0	0	2	0	0	1	21	7	15	3.000	1.0476	586
Atchison, Scott RP BOS	Free Agent	60.0	1	0	0	2	3	0	0	41	19	58	4.500	1.2833	591
Walker, Tyler RP WAS 	Free Agent	35.3	0	0	0	1	0	0	1	30	8	35	3.566	1.2170	594
Blevins, Jerry RP OAK 	Free Agent	48.7	0	0	0	2	1	1	1	46	18	54	3.699	1.4795	595
Mahay, Ron RP MIN 	Free Agent	34.0	0	0	0	1	1	0	1	25	8	33	3.441	1.2059	599
Runzler, Dan RP SF	Free Agent	32.7	0	0	0	3	0	0	0	37	20	29	3.031	1.5000	601
Mota, Guillermo RP SF 	Free Agent	54.0	0	0	0	1	3	1	2	38	22	49	4.333	1.3148	605
Braddock, Zach RP MIL	Free Agent	33.7	0	0	0	1	2	0	2	41	19	29	2.941	1.4257	607
Thomas, Brad RP DET	Free Agent	69.3	2	0	0	6	2	0	0	30	29	77	3.894	1.5288	609
Reyes, Dennys RP STL 	Free Agent	38.0	0	0	0	3	1	1	3	25	21	34	3.553	1.4474	610
Wakefield, Tim SP BOS 	Free Agent	140.0	19	9	0	4	10	0	0	84	36	153	5.336	1.3500	611
Chapman, Aroldis RP CIN	Shits & Giggles	13.3	0	0	0	2	2	0	1	19	5	9	2.025	1.0500	614
Smith, Joe RP CLE 	Free Agent	40.0	0	0	0	2	2	0	1	32	24	30	3.825	1.3500	615
Mijares, Jose RP MIN	Free Agent	32.7	0	0	0	1	1	0	0	28	9	34	3.306	1.3163	623
Monasterios, Carlos RP LA	Free Agent	88.3	13	1	0	3	5	0	0	52	29	99	4.381	1.4491	626
Albers, Matt RP BOS 	Free Agent	75.7	0	0	0	5	3	0	2	49	34	78	4.520	1.4802	627
Worley, Vance RP PHI	Free Agent	13.0	2	0	0	1	1	0	0	12	4	8	1.385	0.9231	629
Parnell, Bobby RP NYM 	Free Agent	35.0	0	0	0	0	1	0	2	33	8	41	2.829	1.4000	632
Beimel, Joe RP COL	Free Agent	45.0	0	0	0	1	2	0	1	21	15	46	3.400	1.3556	633
Bray, Bill RP CIN	Free Agent	28.3	0	0	0	0	2	0	0	30	10	21	4.129	1.0941	636
Herrmann, Frank RP CLE	Free Agent	44.7	0	0	0	0	1	1	1	24	9	48	4.030	1.2761	637
Kohn, Michael RP ANA	Free Agent	21.3	0	0	0	2	0	1	0	20	16	17	2.109	1.5469	639
Troncoso, Ramon RP LA	Free Agent	54.0	0	0	0	2	3	0	1	34	18	55	4.333	1.3519	642
Karstens, Jeff SP PIT 	Free Agent	122.7	19	10	0	3	10	0	0	72	27	146	4.916	1.4103	644
Balester, Collin RP WAS	Free Agent	21.0	0	0	0	0	1	0	0	28	11	15	2.571	1.2381	645
Gonzalez, Michael RP BAL	Free Agent	24.7	0	0	0	1	3	1	2	31	14	18	4.013	1.2973	646
Maloney, Matt RP CIN	Free Agent	20.7	2	1	0	2	2	0	0	13	5	20	3.048	1.2097	649
Valdes, Raul RP NYM 	Free Agent	58.7	1	0	0	3	3	1	2	56	27	59	4.909	1.4659	652
Threets, Erick RP CHW 	Free Agent	12.3	0	0	0	0	0	0	0	6	3	9	0.000	0.9730	653
Abad, Fernando RP HOU	Free Agent	19.0	0	0	0	0	1	0	0	12	5	14	2.842	1.0000	655
Misch, Pat SP NYM	Free Agent	37.7	6	4	0	0	4	0	0	23	4	43	3.823	1.2478	656
Ohman, Will RP FLA	Free Agent	42.0	0	0	0	0	2	0	1	43	23	40	3.214	1.5000	658
Aceves, Alfredo RP NYY 	Free Agent	12.0	0	0	0	3	0	1	0	2	4	10	3.000	1.1667	659
Kirkman, Michael RP TEX	Free Agent	16.3	0	0	0	0	0	0	1	16	10	9	1.653	1.1633	660
Coffey, Todd RP MIL 	Free Agent	62.3	0	0	0	2	4	0	2	56	23	65	4.765	1.4118	661
Walden, Jordan RP ANA	Free Agent	15.3	0	0	0	0	1	1	0	23	7	13	2.348	1.3043	664
Johnson, Jim RP BAL	Free Agent	26.3	0	0	0	1	1	1	5	22	5	32	3.418	1.4051	666
Bautista, Denny RP SEA 	Free Agent	33.7	0	0	0	2	0	0	1	44	27	25	3.743	1.5446	667
Romero, J.C. RP PHI	Free Agent	36.7	0	0	0	1	0	3	3	28	29	30	3.682	1.6091	669
Wright, Jamey RP SEA	Free Agent	58.3	0	0	0	1	3	0	1	28	25	55	4.166	1.3714	670
Doubront, Felix RP BOS 	Free Agent	25.0	3	0	0	2	2	2	1	23	10	27	4.320	1.4800	674
Dunn, Mike RP FLA 	Free Agent	19.0	0	0	0	2	0	0	0	27	17	15	1.895	1.6842	676
Melancon, Mark RP HOU	Free Agent	21.3	0	0	0	2	0	0	1	22	8	19	4.219	1.2656	678
Hughes, Dusty RP KC	Free Agent	56.3	0	0	0	1	3	0	0	34	24	59	3.834	1.4734	680
Miller, Trever RP STL	Free Agent	36.0	0	0	0	0	1	0	1	22	16	30	4.000	1.2778	685
Schlereth, Daniel RP DET	Free Agent	18.7	0	0	0	2	0	1	1	19	10	20	2.893	1.6071	687
Flores, Randy RP MIN	Free Agent	31.0	0	0	0	2	0	0	1	20	15	32	3.193	1.5161	688
Harrison, Matt RP TEX	Free Agent	78.3	6	3	0	3	2	2	1	46	39	80	4.711	1.5191	689
Byrdak, Tim RP HOU 	Free Agent	38.7	0	0	0	2	2	0	0	29	20	40	3.491	1.5517	691
Kelley, Shawn RP SEA 	Free Agent	25.0	0	0	0	3	1	0	0	26	12	26	3.960	1.5200	693
Salas, Fernando RP STL	Free Agent	30.7	0	0	0	0	0	0	1	29	15	28	3.522	1.4022	697
Maine, Scott RP CHC	Free Agent	13.0	0	0	0	0	0	0	0	11	5	9	2.077	1.0769	698
Russell, James RP CHC	Free Agent	49.0	0	0	0	1	1	0	2	42	11	55	4.959	1.3469	702
Miller, Justin RP SEA 	Free Agent	24.3	0	0	0	0	0	0	0	30	8	22	4.438	1.2329	705
Moseley, Dustin SP SD 	Free Agent	65.3	9	3	0	4	4	0	0	33	27	66	4.959	1.4235	710
Humber, Philip RP OAK 	Free Agent	21.7	1	0	0	2	1	0	0	16	7	22	4.154	1.3385	719
Schlichting, Travis RP LA 	Free Agent	22.7	0	0	0	1	0	0	0	14	10	20	3.574	1.3235	720
Rodriguez, Henry RP WAS 	Floaters and Sinkers	27.7	0	0	0	1	0	0	1	33	13	25	4.554	1.3735	721
Demel, Sam RP ARI	Free Agent	37.0	0	0	0	2	1	2	0	33	12	42	5.351	1.4595	725
Resop, Chris RP PIT	Free Agent	21.0	0	0	0	0	0	0	0	26	13	15	3.857	1.3333	727
Kilby, Brad RP OAK	Free Agent	8.3	0	0	0	0	0	0	0	8	0	7	2.160	0.8400	730
Bastardo, Antonio RP PHI	Free Agent	18.7	0	0	0	2	0	0	1	26	9	19	4.339	1.5000	733
Delcarmen, Manny RP COL	Free Agent	52.3	0	0	0	3	4	0	3	38	32	45	4.987	1.4713	741
Boyer, Blaine RP ARI 	Free Agent	57.0	0	0	0	3	2	0	4	29	29	59	4.263	1.5439	742
Russell, Adam RP TB 	Free Agent	15.7	0	0	0	0	0	0	0	18	5	14	4.021	1.2128	745
Cormier, Lance RP TB	Free Agent	62.0	0	0	0	4	3	0	0	30	34	68	3.919	1.6452	749
Nippert, Dustin RP TEX 	Free Agent	56.7	2	0	0	4	5	0	1	47	34	61	4.288	1.6765	756
Marte, Damaso RP NYY 	Free Agent	17.7	0	0	0	0	0	0	2	12	11	10	4.075	1.1887	757
Cishek, Steve RP FLA	Free Agent	4.3	0	0	0	0	0	0	0	3	1	1	0.000	0.4615	758
Ekstrom, Mike RP TB	Free Agent	16.3	0	0	0	0	1	0	0	10	9	12	3.306	1.2857	760
Stammen, Craig SP WAS	Free Agent	128.0	19	8	0	4	4	0	0	85	41	151	5.133	1.5000	761
Pinto, Renyel RP STL	Free Agent	16.7	0	0	0	0	0	0	0	16	9	16	2.700	1.5000	765
Burton, Jared RP CIN	Free Agent	3.3	0	0	0	0	0	0	0	1	0	0	0.000	0.0000	767
Jeffress, Jeremy RP KC 	Free Agent	10.0	0	0	0	1	0	0	0	8	6	8	2.700	1.4000	771
Rodriguez, Francisco M. RP ANA	Free Agent	47.3	0	0	0	1	3	0	1	36	26	46	4.373	1.5211	775
Manship, Jeff RP MIN	Free Agent	29.0	1	1	0	2	1	0	0	21	6	34	5.276	1.3793	779
Buchholz, Taylor RP BOS 	Free Agent	12.0	0	0	0	1	0	0	0	9	6	10	3.750	1.3333	780
LeCure, Sam SP CIN	Free Agent	48.0	6	2	0	2	5	0	0	37	25	50	4.500	1.5625	781
Martinez, Cristhian RP ATL	Free Agent	26.0	0	0	0	0	0	0	0	22	6	28	4.846	1.3077	784
Sanchez, Romulo RP NYY	Free Agent	4.3	0	0	0	0	0	0	0	5	3	1	0.000	0.9231	785
Olson, Garrett RP SEA	Free Agent	37.7	0	0	0	0	3	1	0	31	15	42	4.540	1.5133	787
Cashner, Andrew RP CHC 	Free Agent	54.3	0	0	0	2	6	0	1	50	30	55	4.804	1.5644	788
Bowers, Cedrick RP OAK	Free Agent	14.0	0	0	0	0	1	0	0	18	6	12	4.500	1.2857	790
Hampton, Mike RP ARI 	Free Agent	4.3	0	0	0	0	0	0	0	3	1	3	0.000	0.9231	791
Cassevah, Bobby RP ANA	Free Agent	20.0	0	0	0	1	2	0	0	8	8	23	3.150	1.5500	793
Pena, Tony A. RP CHW	Free Agent	100.7	3	1	0	5	3	0	0	56	45	108	5.096	1.5199	796
McGee, Jake RP TB	Whiteness	5.0	0	0	0	0	0	0	0	6	3	2	1.800	1.0000	799
Burres, Brian SP PIT	Sofa Kings	79.3	13	5	0	4	5	0	0	45	34	87	4.992	1.5252	801
Hill, Rich RP BOS	Free Agent	4.0	0	0	0	1	0	0	0	3	1	5	0.000	1.5000	804
Carlson, Jesse RP TOR	Free Agent	13.7	0	0	0	0	0	1	0	8	5	13	4.610	1.3171	807
Parra, Manny RP MIL 	Titty`s Warriors	122.0	16	3	0	3	10	0	0	129	63	135	5.016	1.6230	808
Infante, Gregory RP CHW	Free Agent	4.7	0	0	0	0	0	0	0	5	4	2	0.000	1.2857	812
Chavez, Jesse RP KC	Free Agent	62.7	0	0	0	5	5	0	1	45	23	69	5.888	1.4681	817
Gonzalez, Enrique RP DET	Free Agent	26.0	0	0	0	0	1	0	0	13	17	21	3.808	1.4615	819
Manuel, Robert RP BOS	Free Agent	12.7	0	0	0	1	0	0	0	5	7	10	4.263	1.3421	822
Bonine, Eddie RP PHI	Free Agent	68.0	1	0	0	4	1	0	0	26	22	84	4.632	1.5588	823
Owings, Micah RP CIN	Free Agent	33.3	0	0	0	3	2	0	0	35	25	28	5.400	1.5900	827
Parrish, John RP KC	Free Agent	6.0	0	0	0	1	1	0	2	4	5	4	3.000	1.5000	828
O'Sullivan, Sean SP KC	Free Agent	83.7	14	6	0	4	6	0	0	43	31	90	5.486	1.4462	830
Escalona, Edgmer RP COL	Free Agent	6.0	0	0	0	0	0	0	0	2	4	4	1.500	1.3333	832
Cortes, Danny RP SEA	Free Agent	5.3	0	0	0	0	1	0	1	6	3	3	3.375	1.1250	833
Nieve, Fernando RP PIT 	Free Agent	42.0	1	0	0	2	4	0	2	38	22	37	6.000	1.4048	834
Okajima, Hideki RP BOS 	Free Agent	46.0	0	0	0	4	4	0	4	33	20	59	4.500	1.7174	839
VandenHurk, Rick RP BAL	Free Agent	17.7	1	0	0	0	1	0	0	18	8	16	5.094	1.3585	841
Herrera, Danny RP CIN	Free Agent	23.0	0	0	0	1	3	0	1	14	6	31	3.913	1.6087	843
Paulino, Felipe SP COL 	Free Agent	91.7	14	7	0	1	9	0	1	83	46	95	5.106	1.5382	847
Jones, Hunter RP CLE	Free Agent	1.7	0	0	0	0	0	0	0	3	1	0	0.000	0.6000	851
Pestano, Vinnie RP CLE	Free Agent	5.0	0	0	0	0	0	1	0	8	5	4	3.600	1.8000	852
Sosa, Jorge RP FLA	Free Agent	36.7	2	0	0	2	3	0	0	19	18	39	4.664	1.5545	854
Mateo, Marcos RP CHC	Free Agent	21.7	0	0	0	0	1	0	0	26	9	20	5.815	1.3385	856
Ross, Tyson RP OAK	Free Agent	39.3	2	0	0	1	4	1	1	32	20	39	5.492	1.5000	859
Walters, P.J. RP STL	Free Agent	30.0	3	1	0	2	0	0	0	22	10	32	6.000	1.4000	863
Wolf, Ross RP HOU	Free Agent	12.7	0	0	0	0	0	0	0	9	6	12	4.263	1.4211	871
Seddon, Chris RP SEA	Free Agent	22.3	0	0	0	1	0	0	0	16	10	21	5.642	1.3881	874
Bell, Trevor RP ANA 	Free Agent	61.0	7	2	0	2	5	0	0	45	21	77	4.721	1.6066	878
Green, Sean RP MIL 	Free Agent	9.3	0	0	0	0	0	0	0	12	8	7	3.857	1.6071	883
Albaladejo, Jonathan RP NYY 	Free Agent	11.3	0	0	0	0	0	0	0	8	8	9	3.971	1.5000	888
Riske, David RP MIL	Free Agent	23.3	0	0	0	0	0	0	0	16	8	25	5.014	1.4143	890
Vasquez, Esmerling RP ARI	Free Agent	53.7	0	0	0	1	6	0	2	55	38	46	5.199	1.5652	891
Rapada, Clay RP TEX	Free Agent	9.0	0	0	0	0	0	0	1	5	7	6	4.000	1.4444	896
Herndon, David RP PHI	Free Agent	52.3	0	0	0	1	3	0	1	29	17	67	4.299	1.6051	897
Daley, Matt RP COL	Free Agent	23.3	0	0	0	0	1	0	0	18	10	27	4.243	1.5857	898
Meredith, Cla RP BAL	Free Agent	15.0	0	0	0	0	2	1	1	7	4	18	5.400	1.4667	904
Villar, Henry RP HOU	Free Agent	6.0	0	0	0	0	0	0	0	3	3	5	4.500	1.3333	906
Qualls, Chad RP TB	Free Agent	59.0	0	0	0	3	4	12	7	49	21	85	7.322	1.7966	909
Weaver, Jeff RP LA	Free Agent	44.3	0	0	0	5	1	0	1	26	20	48	6.090	1.5338	912
Mills, Brad RP TOR	Free Agent	22.3	3	1	0	1	0	0	0	18	13	20	5.642	1.4776	913
Deduno, Samuel RP COL	Free Agent	2.7	0	0	0	0	0	0	0	3	1	3	3.375	1.5000	915
Ramirez, Edwar RP OAK	Free Agent	11.0	0	0	0	1	0	0	0	10	10	9	4.909	1.7273	922
Laffey, Aaron RP CLE	Disco Bush Horticulturists	55.7	5	1	0	2	3	0	0	28	28	62	4.527	1.6168	924
Bowden, Michael RP BOS	Want-a-be Ghetto All Stars	15.3	0	0	0	0	1	0	0	13	4	20	4.696	1.5652	927
Springer, Russ RP CIN 	Free Agent	1.7	0	0	0	0	0	0	0	1	0	2	5.400	1.2000	930
Donnelly, Brendan RP PIT	Free Agent	30.7	0	0	0	3	1	0	0	26	25	26	5.576	1.6630	933
Burnett, Alex RP MIN	Free Agent	47.7	0	0	0	2	2	0	0	37	23	52	5.287	1.5734	934
Fulchino, Jeff RP HOU 	Free Agent	47.3	0	0	0	2	1	0	1	46	22	53	5.514	1.5845	935
Ray, Robert RP TOR	Free Agent	3.7	0	0	0	0	0	0	0	3	5	2	2.454	1.9091	936
Smith, Chris RP SEA 	Free Agent	3.3	0	0	0	0	0	0	0	4	1	4	5.400	1.5000	937
Zavada, Clay RP ARI	Free Agent	0.0	0	0	0	0	0	0	0	0	0	0	N/A	N/A	944
Guerra, Javy RP LA	Free Agent	0.0	0	0	0	0	0	0	0	0	0	0	N/A	N/A	945
Patton, David RP CHC	Free Agent	0.0	0	0	0	0	0	0	0	0	0	0	N/A	N/A	946
Samuel, Francisco RP STL	Free Agent	0.0	0	0	0	0	0	0	0	0	0	0	N/A	N/A	947
Valdez, Luis RP ATL	Free Agent	0.0	0	0	0	0	0	0	0	0	0	0	N/A	N/A	948
Lebron, Luis RP BAL	Free Agent	0.0	0	0	0	0	0	0	0	0	0	0	N/A	N/A	951
Harvey, Kris RP FLA	Free Agent	0.0	0	0	0	0	0	0	0	0	0	0	N/A	N/A	953
Englebrook, Evan RP HOU	Free Agent	0.0	0	0	0	0	0	0	0	0	0	0	N/A	N/A	958
Santeliz, Clevelan RP BOS	Free Agent	0.0	0	0	0	0	0	0	0	0	0	0	N/A	N/A	962
Omogrosso, Brian RP CHW	Free Agent	0.0	0	0	0	0	0	0	0	0	0	0	N/A	N/A	965
Nunez, Jhonny RP CHW	Free Agent	0.0	0	0	0	0	0	0	0	0	0	0	N/A	N/A	967
Alburquerque, Alberto RP DET 	Free Agent	0.0	0	0	0	0	0	0	0	0	0	0	N/A	N/A	968
Guzman, Angel RP CHC 	Free Agent	0.0	0	0	0	0	0	0	0	0	0	0	N/A	N/A	969
Aguero, Ramon RP PIT	Free Agent	0.0	0	0	0	0	0	0	0	0	0	0	N/A	N/A	975
Butler, Josh RP MIL	Free Agent	0.0	0	0	0	0	0	0	0	0	0	0	N/A	N/A	977
Poreda, Aaron RP SD	Free Agent	0.0	0	0	0	0	0	0	0	0	0	0	N/A	N/A	979
Nevarez, Matt RP HOU	Free Agent	0.0	0	0	0	0	0	0	0	0	0	0	N/A	N/A	982
Wade, Cory RP TB 	Free Agent	0.0	0	0	0	0	0	0	0	0	0	0	N/A	N/A	983
Taylor, Andrew RP ANA	Free Agent	0.0	0	0	0	0	0	0	0	0	0	0	N/A	N/A	984
Condrey, Clay RP MIN 	Free Agent	0.0	0	0	0	0	0	0	0	0	0	0	N/A	N/A	985
Lyman, Jeff RP OAK	Free Agent	0.0	0	0	0	0	0	0	0	0	0	0	N/A	N/A	986
Seay, Bobby RP DET 	Free Agent	0.0	0	0	0	0	0	0	0	0	0	0	N/A	N/A	987
Devine, Joey RP OAK 	Free Agent	0.0	0	0	0	0	0	0	0	0	0	0	N/A	N/A	988
Norrick, Tyler RP STL	Free Agent	0.0	0	0	0	0	0	0	0	0	0	0	N/A	N/A	989
Phillips, Zach RP TEX	Free Agent	0.0	0	0	0	0	0	0	0	0	0	0	N/A	N/A	992
Paredes, Edward RP SEA	Free Agent	0.0	0	0	0	0	0	0	0	0	0	0	N/A	N/A	995
Parr, James R. RP ATL	Free Agent	0.0	0	0	0	0	0	0	0	0	0	0	N/A	N/A	996
Septimo, Leyson RP ARI	Free Agent	0.0	0	0	0	0	0	0	0	0	0	0	N/A	N/A	997
Van Mil, Loek RP ANA	Free Agent	0.0	0	0	0	0	0	0	0	0	0	0	N/A	N/A	998
Ascanio, Jose RP PIT 	Free Agent	0.0	0	0	0	0	0	0	0	0	0	0	N/A	N/A	999
De La Rosa, Wilkin RP NYY	Free Agent	0.0	0	0	0	0	0	0	0	0	0	0	N/A	N/A	1000
Kunz, Eddie RP NYM	Free Agent	0.0	0	0	0	0	0	0	0	0	0	0	N/A	N/A	1004
Liz, Radhames RP SD	Free Agent	0.0	0	0	0	0	0	0	0	0	0	0	N/A	N/A	1005
Ramirez, Ramon RP BOS	Free Agent	0.0	0	0	0	0	0	0	0	0	0	0	N/A	N/A	1007
Torres, Alex RP TB	Free Agent	0.0	0	0	0	0	0	0	0	0	0	0	N/A	N/A	1008
Valiquette, Philippe RP CIN	Free Agent	0.0	0	0	0	0	0	0	0	0	0	0	N/A	N/A	1009
Barrera, Henry RP KC	Free Agent	0.0	0	0	0	0	0	0	0	0	0	0	N/A	N/A	1011
Arias, Alberto RP HOU 	Free Agent	0.0	0	0	0	0	0	0	0	0	0	0	N/A	N/A	1012
Meloan, Jon RP OAK 	Free Agent	0.0	0	0	0	0	0	0	0	0	0	0	N/A	N/A	1018
Mercedes, Roque RP ARI 	Free Agent	0.0	0	0	0	0	0	0	0	0	0	0	N/A	N/A	1020
Orta, Ricky RP SEA	Free Agent	0.0	0	0	0	0	0	0	0	0	0	0	N/A	N/A	1022
Kinney, Josh RP STL	Free Agent	0.0	0	0	0	0	0	0	0	0	0	0	N/A	N/A	1024
Parker, Blake RP CHC	Free Agent	0.0	0	0	0	0	0	0	0	0	0	0	N/A	N/A	1026
Hinshaw, Alex RP SF	Free Agent	0.0	0	0	0	0	0	0	0	0	0	0	N/A	N/A	1027
Veal, Donnie RP PIT 	Free Agent	0.0	0	0	0	0	0	0	0	0	0	0	N/A	N/A	1028
Leach, Brent RP LA 	Free Agent	0.0	0	0	0	0	0	0	0	0	0	0	N/A	N/A	1030
Italiano, Craig RP SD	Free Agent	0.0	0	0	0	0	0	0	0	0	0	0	N/A	N/A	1036
Castro, Fabio RP SEA 	Free Agent	0.0	0	0	0	0	0	0	0	0	0	0	N/A	N/A	1037
Severino, Atahualpa RP WAS	Free Agent	0.0	0	0	0	0	0	0	0	0	0	0	N/A	N/A	1038
Escalona, Sergio RP PHI	Free Agent	0.0	0	0	0	0	0	0	0	0	0	0	N/A	N/A	1039
Madrigal, Warner RP TEX	Free Agent	0.0	0	0	0	0	0	0	0	0	0	0	N/A	N/A	1041
Hyde, Lee RP ATL	Free Agent	0.0	0	0	0	0	0	0	0	0	0	0	N/A	N/A	1043
Hayhurst, Dirk RP TOR 	Free Agent	0.0	0	0	0	0	0	0	0	0	0	0	N/A	N/A	1045
Howell, J.P. RP TB 	Free Agent	0.0	0	0	0	0	0	0	0	0	0	0	N/A	N/A	1046
De Los Santos, Fautino RP OAK	Free Agent	0.0	0	0	0	0	0	0	0	0	0	0	N/A	N/A	1047
Nathan, Joe RP MIN 	Free Agent	0.0	0	0	0	0	0	0	0	0	0	0	N/A	N/A	1051
Perez, Wilfrido RP BAL	Free Agent	0.0	0	0	0	0	0	0	0	0	0	0	N/A	N/A	1052
Mosebach, Bobby RP ANA	Free Agent	0.0	0	0	0	0	0	0	0	0	0	0	N/A	N/A	1053
Rodriguez, Fernando RP HOU	Free Agent	0.0	0	0	0	0	0	0	0	0	0	0	N/A	N/A	1054
Dolsi, Freddy RP CHW	Free Agent	0.0	0	0	0	0	0	0	0	0	0	0	N/A	N/A	1056
Valdez, Jose RP HOU	Free Agent	0.0	0	0	0	0	0	0	0	0	0	0	N/A	N/A	1062
Uviedo, Ronald RP TOR	Free Agent	0.0	0	0	0	0	0	0	0	0	0	0	N/A	N/A	1064
Coello, Robert RP BOS	Free Agent	5.7	0	0	0	0	0	0	0	5	5	4	4.765	1.5882	1071
Fox, Matt RP BOS	Free Agent	7.3	1	0	0	0	0	0	0	0	2	8	4.909	1.3636	1076
Fisher, Carlos RP CIN	Free Agent	22.3	0	0	0	1	1	0	0	21	13	22	5.642	1.5672	1077
Wood, Blake RP KC	Free Agent	49.7	0	0	0	1	3	0	4	31	22	54	5.074	1.5302	1078
Colome, Jesus RP TEX	Free Agent	17.0	0	0	0	0	1	0	0	16	11	15	5.294	1.5294	1079
Marinez, Jhan RP FLA	Free Agent	2.7	0	0	0	1	1	0	2	3	3	3	6.750	2.2500	1080
Proctor, Scott RP ATL 	Free Agent	5.7	0	0	0	0	0	0	0	6	4	4	6.353	1.4118	1082
Patton, Troy RP BAL	Free Agent	0.7	0	0	0	0	0	0	0	1	1	1	0.000	3.0000	1083
English, Jesse RP WAS 	Free Agent	7.0	0	0	0	0	0	0	0	4	2	10	3.857	1.7143	1084
Perdomo, Luis RP SD 	Free Agent	1.0	0	0	0	0	0	0	0	0	0	1	9.000	1.0000	1085
Stoner, Tobi RP NYM	Free Agent	2.3	0	0	0	0	1	0	0	0	1	3	3.857	1.7143	1088
Wright, Wesley RP HOU	Free Agent	33.0	4	1	0	1	2	0	0	29	13	37	5.727	1.5152	1094
Neshek, Pat RP MIN 	Free Agent	9.0	0	0	0	0	1	0	1	9	8	7	5.000	1.6667	1099
Roenicke, Josh RP TOR	Free Agent	19.0	0	0	0	1	0	0	0	18	13	18	5.684	1.6316	1111
Bulger, Jason RP ANA	Free Agent	24.0	0	0	0	0	0	0	0	25	15	25	4.875	1.6667	1116
MacLane, Evan RP STL	Free Agent	1.0	0	0	0	0	1	0	0	0	1	1	9.000	2.0000	1118
Rosa, Carlos RP ARI	Free Agent	20.0	0	0	0	0	2	0	1	9	12	20	4.500	1.6000	1119
Viola, Pedro RP BAL	Free Agent	1.3	0	0	0	0	0	0	0	3	1	1	13.500	1.5000	1121
Benson, Kris RP ARI 	SA`s	14.0	3	2	0	1	1	0	0	8	6	18	5.143	1.7143	1122
Rincon, Juan RP COL	Free Agent	2.0	0	0	0	0	0	0	0	3	2	3	4.500	2.5000	1123
Hawksworth, Blake RP LA 	Free Agent	90.3	8	1	0	4	8	0	0	61	35	113	4.981	1.6384	1128
Rodriguez, Rafael RP ARI	Free Agent	4.7	0	0	0	0	0	0	0	3	3	5	5.786	1.7143	1131
Lowe, Mark RP TEX 	Free Agent	13.3	0	0	0	1	3	0	0	12	6	18	5.400	1.8000	1138
Gaudin, Chad RP WAS 	Free Agent	65.3	0	0	0	1	4	0	1	53	25	73	5.648	1.5000	1142
Link, Jon RP LA	Free Agent	8.7	0	0	0	0	0	0	0	4	4	12	4.154	1.8462	1147
Perkins, Glen RP MIN	Free Agent	21.7	1	0	0	1	1	0	0	14	5	29	5.815	1.5692	1151
Delaney, Rob RP MIN	Free Agent	1.0	0	0	0	0	0	0	0	0	1	2	9.000	3.0000	1152
Carpenter, Andrew RP PHI	Free Agent	3.0	0	0	0	0	1	0	0	2	0	5	9.000	1.6667	1158
Cruz, Juan RP KC	Free Agent	5.3	0	0	0	0	0	0	1	7	4	9	3.375	2.4375	1162
Fien, Casey RP DET	Free Agent	2.7	0	0	0	0	0	0	0	0	0	4	10.125	1.5000	1164
Chacin, Gustavo RP HOU 	Free Agent	38.3	0	0	0	2	2	1	0	31	20	51	4.696	1.8522	1167
Marquez, Jeff RP CHW	Free Agent	1.0	0	0	0	0	0	0	0	0	0	2	18.000	2.0000	1169
Hendrickson, Mark RP BAL 	Free Agent	75.3	1	0	0	1	6	0	2	55	20	97	5.257	1.5531	1171
Cordero, Chad RP NYM	Free Agent	9.7	0	0	0	0	1	0	0	6	5	10	6.517	1.5517	1173
Mulvey, Kevin RP ARI	Free Agent	3.0	0	0	0	0	0	0	0	1	2	5	6.000	2.3333	1179
Kroenke, Zach RP ARI	Free Agent	6.7	1	0	0	1	0	0	0	2	4	9	6.750	1.9500	1184
Del Rosario, Enerio RP HOU	Free Agent	10.0	0	0	0	1	1	0	2	4	4	17	4.500	2.1000	1188
Martinez, Joe RP PIT 	Free Agent	19.7	1	0	0	0	1	0	0	9	9	26	4.119	1.7797	1189
Texeira, Kanekoa RP KC	Free Agent	61.3	0	0	0	1	1	0	0	33	25	73	4.842	1.5978	1191
Mickolio, Kam RP ARI 	Free Agent	3.7	0	0	0	0	0	0	0	4	3	5	7.364	2.1818	1193
Palmer, Matt RP ANA	Free Agent	33.7	1	0	0	1	2	0	0	17	20	38	4.545	1.7228	1201
Gray, Jeff RP CHC	Free Agent	9.3	0	0	0	1	0	0	0	4	5	12	6.750	1.8214	1206
Baez, Danys RP PHI	Free Agent	47.7	0	0	0	3	4	0	2	28	23	55	5.476	1.6364	1207
Elbert, Scott RP LA	Grape Apes	0.7	0	0	0	0	0	0	0	0	3	1	13.500	6.0000	1208
James, Justin RP MIL 	Free Agent	4.0	0	0	0	0	0	0	1	5	4	7	4.500	2.7500	1209
Todd, Jess RP CLE	Free Agent	6.0	0	0	0	0	0	0	0	9	3	9	7.500	2.0000	1212
Atkins, Mitch RP CHC 	Free Agent	10.0	0	0	0	0	0	0	0	10	6	12	6.300	1.8000	1213
Bergmann, Jason RP BOS	Free Agent	2.3	0	0	0	0	1	0	0	2	1	3	15.429	1.7143	1214
Weinhardt, Robbie RP DET	Free Agent	29.3	0	0	0	2	2	0	2	21	8	40	6.136	1.6364	1215
Strickland, Scott RP FLA	Free Agent	2.0	0	0	0	0	0	0	0	0	1	5	9.000	3.0000	1216
Rupe, Josh RP KC	Free Agent	9.7	0	0	0	1	1	0	0	8	7	14	5.586	2.1724	1218
Lewis, Rommie RP TOR	Free Agent	18.7	0	0	0	0	0	0	0	15	8	20	6.750	1.5000	1220
Thompson, Brad RP HOU	Free Agent	19.7	0	0	0	0	4	0	1	10	4	25	6.407	1.4746	1223
Kintzler, Brandon RP MIL	Free Agent	7.3	0	0	0	0	1	0	0	9	4	10	7.364	1.9091	1225
Moscoso, Guillermo RP TEX 	Free Agent	0.7	0	0	0	0	0	0	0	2	2	2	27.000	6.0000	1227
Morales, Franklin RP COL	Free Agent	28.7	0	0	0	0	4	3	3	27	24	28	6.279	1.8140	1228
Houser, James RP FLA	Free Agent	1.3	0	0	0	0	0	0	0	1	1	3	20.250	3.0000	1231
Ceda, Jose RP FLA	Free Agent	8.7	0	0	0	0	0	0	0	9	11	8	5.192	2.1923	1232
Ledezma, Wil RP PIT 	Free Agent	19.7	0	0	0	0	3	0	0	22	6	25	6.864	1.5763	1233
Ring, Royce RP SEA 	Free Agent	2.3	0	0	0	0	0	0	0	2	2	3	15.429	2.1429	1234
Cabrera, Fernando RP BOS	Free Agent	1.3	0	0	0	0	0	0	0	0	2	2	20.250	3.0000	1236
Slama, Anthony RP MIN	Free Agent	4.7	0	0	0	0	1	0	1	5	5	6	7.714	2.3571	1237
Mejia, Jenrry RP NYM 	Free Agent	39.0	3	0	0	0	4	0	1	22	20	46	4.615	1.6923	1239
Bonser, Boof RP OAK 	Free Agent	25.0	0	0	0	1	0	0	0	17	8	33	6.120	1.6400	1240
Taschner, Jack RP LA	Free Agent	19.7	0	0	0	1	0	0	1	17	11	23	6.407	1.7288	1244
Holland, Greg RP KC	Free Agent	18.7	0	0	0	0	1	0	0	23	8	23	6.750	1.6607	1245
Moehler, Brian RP HOU 	Free Agent	56.7	8	2	0	1	4	0	0	28	26	66	4.923	1.6235	1246
Mathieson, Scott RP PHI 	Free Agent	1.7	0	0	0	0	0	0	0	1	2	5	10.800	4.2000	1247
Tankersley, Taylor RP FLA	Free Agent	12.0	0	0	0	0	0	0	3	7	7	12	7.500	1.5833	1249
Valdez, Merkin RP TOR	Free Agent	1.3	0	0	0	0	0	0	0	0	3	2	20.250	3.7500	1253
Richardson, Dustin RP FLA 	Free Agent	13.0	0	0	0	0	0	0	0	12	14	15	4.154	2.2308	1254
Caridad, Esmailin RP CHC	Free Agent	4.0	0	0	0	0	1	0	2	4	5	4	11.250	2.2500	1258
Sinkbeil, Brett RP FLA	Free Agent	2.0	0	0	0	0	0	0	0	1	5	2	13.500	3.5000	1259
Stevens, Jeff RP CHC	Free Agent	17.7	0	0	0	0	0	0	1	15	10	21	6.113	1.7547	1260
Zagurski, Mike RP PHI	Free Agent	7.0	0	0	0	0	0	0	0	11	5	8	10.286	1.8571	1264
White, Sean RP SEA 	Free Agent	34.3	0	0	0	0	1	0	3	15	11	45	5.243	1.6311	1265
Gervacio, Sammy RP HOU 	Free Agent	3.7	0	0	0	0	1	0	0	3	5	4	12.273	2.4545	1267
Ortiz, Ramon RP TB	Free Agent	30.0	2	0	0	1	2	0	0	21	16	33	6.300	1.6333	1268
Bisenius, Joe RP WAS 	Free Agent	4.7	0	0	0	0	0	0	0	5	6	6	9.643	2.5714	1270
Wood, Tim RP WAS	Free Agent	27.7	0	0	0	0	1	1	2	10	15	33	5.530	1.7349	1271
Colon, Roman RP KC	Free Agent	2.0	0	0	0	0	0	0	0	1	2	5	18.000	3.5000	1272
Igarashi, Ryota RP NYM	Free Agent	30.3	0	0	0	1	1	0	0	25	18	29	7.121	1.5495	1273
Accardo, Jeremy RP BAL 	Free Agent	6.7	0	0	0	0	1	0	0	3	3	12	8.100	2.2500	1274
Sampson, Chris RP HOU	Free Agent	30.3	0	0	0	1	0	0	2	16	8	43	5.934	1.6813	1276
Sborz, Jay RP ATL	Free Agent	0.7	0	0	0	0	0	0	0	1	0	3	67.500	4.5000	1278
Berg, Justin RP CHC	Free Agent	40.0	0	0	0	0	1	0	0	14	20	45	5.175	1.6250	1280
Majewski, Gary RP HOU	Free Agent	2.0	0	0	0	0	0	0	0	1	1	5	22.500	3.0000	1281
Beltre, Omar RP TEX 	Free Agent	7.0	2	0	0	0	1	0	0	9	7	9	9.000	2.2857	1282
Bullington, Bryan SP KC 	Free Agent	42.7	5	2	0	1	4	0	0	29	17	51	6.117	1.5938	1283
Figaro, Alfredo RP DET 	Free Agent	14.7	1	0	0	0	2	0	0	5	8	18	6.750	1.7727	1285
Varvaro, Anthony RP SEA	Free Agent	4.0	0	0	0	0	1	0	0	5	6	6	11.250	3.0000	1287
Shields, Scot RP ANA 	Free Agent	46.0	1	0	0	0	3	0	1	39	34	45	5.283	1.7174	1288
Feldman, Scott SP TEX 	Free Agent	141.3	22	6	0	7	11	0	0	75	45	181	5.476	1.5991	1289
Diamond, Thomas RP CHC	Free Agent	29.0	3	1	0	1	3	0	0	36	18	33	6.828	1.7586	1290
Stange, Daniel RP ARI	Free Agent	4.0	0	0	0	0	0	0	0	2	6	4	13.500	2.5000	1291
Joaquin, Waldis RP CHW 	Free Agent	4.7	0	0	0	0	0	0	0	2	7	6	9.643	2.7857	1292
Thomas, Justin RP PIT 	Free Agent	13.0	0	0	0	0	1	0	0	5	5	21	6.231	2.0000	1293
Mathis, Doug RP TEX 	Free Agent	22.3	0	0	0	1	1	0	0	10	11	30	6.045	1.8358	1294
Estrada, Marco RP MIL 	Free Agent	11.3	1	0	0	0	0	0	0	13	6	14	9.529	1.7647	1296
Norberto, Jordan RP ARI	Free Agent	20.0	0	0	0	0	2	0	1	15	22	16	5.850	1.9000	1297
Stetter, Mitch RP MIL	Free Agent	3.7	0	0	0	0	0	0	0	3	3	7	14.727	2.7273	1298
Ortiz, Russ RP LA	Free Agent	7.0	0	0	0	0	1	0	0	6	5	10	10.286	2.1429	1299
Hawkins, LaTroy RP MIL 	Free Agent	16.0	0	0	0	0	3	0	2	18	6	21	8.438	1.6875	1300
Rosales, Leo RP ARI	Free Agent	16.3	0	0	0	2	0	0	0	12	9	25	7.163	2.0816	1301
Lincoln, Mike RP CIN 	Free Agent	19.7	0	0	0	1	0	0	0	12	10	25	7.322	1.7797	1303
Suppan, Jeff SP STL	Sofa Kings	101.3	15	2	0	3	8	0	0	51	37	130	5.062	1.6480	1304
MacDougal, Mike RP STL	Free Agent	18.7	0	0	0	1	1	0	1	14	12	23	7.232	1.8750	1306
Thayer, Dale RP TB	Free Agent	2.0	0	0	0	0	0	0	0	2	0	7	27.000	3.5000	1307
Schoeneweis, Scott RP BOS	Free Agent	13.7	0	0	0	1	0	0	0	13	10	19	7.902	2.1220	1308
Gabino, Armando RP BAL	Free Agent	4.7	0	0	0	0	0	0	0	2	3	9	13.500	2.5714	1309
Castillo, Alberto RP BAL	Free Agent	10.7	0	0	0	1	0	0	0	11	6	16	10.125	2.0625	1310
Harrell, Lucas RP CHW	Free Agent	24.0	3	1	0	1	0	0	0	15	17	34	4.875	2.1250	1313
Vargas, Claudio RP LA	Free Agent	19.7	0	0	0	1	0	0	0	18	10	28	7.322	1.9322	1314
Leroux, Chris RP PIT	Free Agent	22.7	0	0	0	0	1	0	2	22	14	28	6.750	1.8529	1315
Buente, Jay RP FLA	Free Agent	11.0	0	0	0	0	0	0	0	9	11	16	6.545	2.4545	1316
Jackson, Steven RP PIT	Free Agent	11.3	0	0	0	0	1	0	0	7	6	17	8.735	2.0294	1317
Nelson, Joe RP SEA	Free Agent	8.3	0	0	0	0	0	0	0	9	6	14	9.720	2.4000	1319
Mata, Frank RP BAL	Free Agent	17.3	0	0	0	0	0	0	0	9	8	24	7.788	1.8462	1325
Rogers, Esmil RP COL	Free Agent	72.0	8	3	0	2	3	0	1	66	26	94	6.125	1.6667	1326
Ambriz, Hector RP CLE 	Free Agent	48.3	0	0	0	0	2	0	0	37	17	68	5.586	1.7586	1327
Medders, Brandon RP SF	Free Agent	15.0	0	0	0	0	0	0	0	8	6	26	7.200	2.1333	1328
Valdez, Cesar RP ARI 	Free Agent	20.0	2	0	0	1	2	0	0	13	10	29	7.650	1.9500	1329
Ni, Fu-Te RP DET 	Free Agent	23.0	0	0	0	0	1	0	0	22	19	27	6.652	2.0000	1330
Grabow, John RP CHC 	Free Agent	25.7	0	0	0	1	3	0	1	20	13	35	7.364	1.8701	1332
Meche, Gil RP KC	Free Agent	61.7	9	2	1	0	5	0	0	41	38	65	5.692	1.6703	1334
Bass, Brian RP PIT 	Free Agent	7.3	0	0	0	0	0	0	0	5	10	9	12.273	2.5909	1335
Rosario, Sandy RP FLA	Free Agent	1.0	0	0	0	0	0	0	0	0	1	9	54.000	10.0000	1336
Gallagher, Sean RP PIT	Free Agent	57.7	0	0	0	2	1	0	0	43	41	62	5.775	1.7861	1337
Tallet, Brian RP STL 	Free Agent	77.3	5	1	0	2	6	0	2	53	38	84	6.401	1.5776	1338
McCutchen, Daniel RP PIT	Free Agent	67.7	9	1	0	2	5	0	0	38	28	83	6.118	1.6404	1339
Penn, Hayden RP PIT	Free Agent	2.3	0	0	0	0	0	0	0	0	3	8	30.857	4.7143	1340
Ramos, Cesar RP TB 	Free Agent	8.3	0	0	0	0	1	0	0	9	4	18	11.880	2.6400	1341
Torres, Carlos RP CHW	Free Agent	13.7	1	0	0	0	1	0	0	13	9	23	8.561	2.3415	1343
Bruney, Brian RP NYM 	Free Agent	17.7	0	0	0	1	2	0	0	16	20	21	7.641	2.3208	1344
Reyes, Jo-Jo RP TOR	Free Agent	3.3	0	0	0	0	0	0	0	2	3	10	24.300	3.9000	1345
Samardzija, Jeff RP CHC	Free Agent	19.3	3	1	0	2	2	0	0	9	20	21	8.379	2.1207	1346
Mendoza, Luis RP KC	Free Agent	4.0	0	0	0	0	1	0	1	1	3	10	22.500	3.2500	1347
Rivera, Saul RP CLE	Free Agent	3.7	0	0	0	0	0	0	0	1	3	11	22.091	3.8182	1348
Strop, Pedro RP TEX	Free Agent	10.7	0	0	0	0	0	0	0	11	11	17	10.125	2.6250	1349
Sherrill, George RP ATL 	Free Agent	36.3	0	0	0	2	2	0	4	25	24	46	6.688	1.9266	1350
Williams, Randy RP BOS	Free Agent	25.0	0	0	0	0	1	0	1	22	21	37	5.400	2.3200	1351
Schlitter, Brian RP CHC	Free Agent	8.0	0	0	0	0	1	0	0	7	5	18	12.375	2.8750	1352
Meyer, Dan RP PHI 	Free Agent	9.3	0	0	0	0	1	0	1	4	12	15	9.643	2.8929	1354
Howry, Bob RP CHC	Free Agent	35.0	0	0	0	1	3	0	1	14	13	47	7.714	1.7143	1355
Stokes, Brian RP TOR 	Free Agent	16.7	0	0	0	0	0	0	0	16	16	26	8.100	2.5200	1358
Daigle, Casey RP HOU	Free Agent	10.3	0	0	0	1	1	0	0	6	6	25	11.323	3.0000	1359
Marte, Victor RP KC 	Free Agent	27.7	0	0	0	3	0	0	0	19	15	38	9.759	1.9157	1363
Perez, Oliver RP NYM	Free Agent	46.3	7	2	0	0	5	0	0	37	42	54	6.799	2.0719	1370
Rowland-Smith, Ryan SP HOU 	Free Agent	109.3	20	4	0	1	10	0	0	49	44	141	6.750	1.6921	1374
Smith, Matt A. RP CHW	Free Agent	0.0	0	0	0	0	0	0	0	0	0	0	N/A	N/A	1378
Shiell, Jason RP MIL	Free Agent	0.0	0	0	0	0	0	0	0	0	0	0	N/A	N/A	1380
Gordon, Tom RP ARI	Free Agent	0.0	0	0	0	0	0	0	0	0	0	0	N/A	N/A	1381
Leon, Arnold RP OAK	Free Agent	0.0	0	0	0	0	0	0	0	0	0	0	N/A	N/A	1382
Peguero, Jailen RP HOU	Free Agent	0.0	0	0	0	0	0	0	0	0	0	0	N/A	N/A	1390
Long, Matt RP CHW	Free Agent	0.0	0	0	0	0	0	0	0	0	0	0	N/A	N/A	1392
Rainville, Jay RP MIN	Free Agent	0.0	0	0	0	0	0	0	0	0	0	0	N/A	N/A	1398
Jones, Jason M. RP WAS	Free Agent	0.0	0	0	0	0	0	0	0	0	0	0	N/A	N/A	1405
Parisi, Mike RP CHC	Free Agent	0.0	0	0	0	0	0	0	0	0	0	0	N/A	N/A	1407
Turpen, Dan RP NYY 	Free Agent	0.0	0	0	0	0	0	0	0	0	0	0	N/A	N/A	1408
Banks, Demetrius RP CHW	Free Agent	0.0	0	0	0	0	0	0	0	0	0	0	N/A	N/A	1412
Weathers, David RP MIL	Free Agent	0.0	0	0	0	0	0	0	0	0	0	0	N/A	N/A	1421
Johnson, Tyler J. RP SEA	Free Agent	0.0	0	0	0	0	0	0	0	0	0	0	N/A	N/A	1425
Kensing, Logan RP TB	Free Agent	0.0	0	0	0	0	0	0	0	0	0	0	N/A	N/A	1428
Nabors, Kevin RP ANA	Free Agent	0.0	0	0	0	0	0	0	0	0	0	0	N/A	N/A	1432
Carignan, Andrew RP OAK	Free Agent	0.0	0	0	0	0	0	0	0	0	0	0	N/A	N/A	1433
Ramirez, Erasmo RP MIL	Free Agent	0.0	0	0	0	0	0	0	0	0	0	0	N/A	N/A	1436
Ramos, Mario RP OAK	Free Agent	0.0	0	0	0	0	0	0	0	0	0	0	N/A	N/A	1438
Mitchell, Mike RP OAK	Free Agent	0.0	0	0	0	0	0	0	0	0	0	0	N/A	N/A	1439
De La Cruz, Jose RP SEA	Free Agent	0.0	0	0	0	0	0	0	0	0	0	0	N/A	N/A	1441
McLeary, Marty RP MIL	Free Agent	0.0	0	0	0	0	0	0	0	0	0	0	N/A	N/A	1445
Muecke, Josh RP COL	Free Agent	0.0	0	0	0	0	0	0	0	0	0	0	N/A	N/A	1449
Cameron, Kevin RP OAK	Free Agent	0.0	0	0	0	0	0	0	0	0	0	0	N/A	N/A	1452
Wlodarczyk, Michael RP TB	Free Agent	0.0	0	0	0	0	0	0	0	0	0	0	N/A	N/A	1453
Embree, Alan RP CHW	Free Agent	0.0	0	0	0	0	0	0	0	0	0	0	N/A	N/A	1458
Barnette, Tony RP ARI	Free Agent	0.0	0	0	0	0	0	0	0	0	0	0	N/A	N/A	1460
Alvarez, Carlos RP LA	Free Agent	0.0	0	0	0	0	0	0	0	0	0	0	N/A	N/A	1461
Sillman, Mike RP STL	Free Agent	0.0	0	0	0	0	0	0	0	0	0	0	N/A	N/A	1463
Santiago, Julio RP SEA	Free Agent	0.0	0	0	0	0	0	0	0	0	0	0	N/A	N/A	1467
Zinicola, Zech RP TOR	Free Agent	0.0	0	0	0	0	0	0	0	0	0	0	N/A	N/A	1469
Borrell, Danny RP NYY	Free Agent	0.0	0	0	0	0	0	0	0	0	0	0	N/A	N/A	1470
Maekawa, Katsuhiko RP STL	Free Agent	0.0	0	0	0	0	0	0	0	0	0	0	N/A	N/A	1476
Hoorelbeke, Casey RP LA	Free Agent	0.0	0	0	0	0	0	0	0	0	0	0	N/A	N/A	1477
Maust, David RP WAS	Free Agent	0.0	0	0	0	0	0	0	0	0	0	0	N/A	N/A	1483
Curreri, Frank RP ARI	Free Agent	0.0	0	0	0	0	0	0	0	0	0	0	N/A	N/A	1487
Koplove, Mike RP SD	Free Agent	0.0	0	0	0	0	0	0	0	0	0	0	N/A	N/A	1488
Malaska, Mark RP TB	Free Agent	0.0	0	0	0	0	0	0	0	0	0	0	N/A	N/A	1489
Testa, Joe RP WAS	Free Agent	0.0	0	0	0	0	0	0	0	0	0	0	N/A	N/A	1496
Davidson, Dave RP BAL	Free Agent	0.0	0	0	0	0	0	0	0	0	0	0	N/A	N/A	1497
Macdonald, Mike RP TOR	Free Agent	0.0	0	0	0	0	0	0	0	0	0	0	N/A	N/A	1500
Gosling, Mike RP CLE	Free Agent	0.0	0	0	0	0	0	0	0	0	0	0	N/A	N/A	1504
Houston, Ryan RP ANA	Free Agent	0.0	0	0	0	0	0	0	0	0	0	0	N/A	N/A	1505
Mendoza, Tommy RP ANA	Free Agent	0.0	0	0	0	0	0	0	0	0	0	0	N/A	N/A	1508
Yates, Tyler RP PIT	Free Agent	0.0	0	0	0	0	0	0	0	0	0	0	N/A	N/A	1511
Campos, Machado RP NYM	Free Agent	0.0	0	0	0	0	0	0	0	0	0	0	N/A	N/A	1514
Marte, Jose RP ARI	Free Agent	0.0	0	0	0	0	0	0	0	0	0	0	N/A	N/A	1515
Oliveros, Lester RP DET	Free Agent	0.0	0	0	0	0	0	0	0	0	0	0	N/A	N/A	1520
Hennessey, Brad RP MIN	Free Agent	0.0	0	0	0	0	0	0	0	0	0	0	N/A	N/A	1526
Fossum, Casey RP CHC	Free Agent	0.0	0	0	0	0	0	0	0	0	0	0	N/A	N/A	1528
Cavazos, Andy RP NYM	Free Agent	0.0	0	0	0	0	0	0	0	0	0	0	N/A	N/A	1531
Pereira, Nick RP SF	Free Agent	0.0	0	0	0	0	0	0	0	0	0	0	N/A	N/A	1533
Vasquez, Luis RP LA	Free Agent	0.0	0	0	0	0	0	0	0	0	0	0	N/A	N/A	1535
Capellan, Jose F. RP HOU	Free Agent	0.0	0	0	0	0	0	0	0	0	0	0	N/A	N/A	1547
Gearrin, Cory RP ATL	Free Agent	0.0	0	0	0	0	0	0	0	0	0	0	N/A	N/A	1552
Rleal, Sendy RP BAL	Free Agent	0.0	0	0	0	0	0	0	0	0	0	0	N/A	N/A	1555
Hayes, Christopher RP KC	Free Agent	0.0	0	0	0	0	0	0	0	0	0	0	N/A	N/A	1558
Paulk, Robert RP NYM	Free Agent	0.0	0	0	0	0	0	0	0	0	0	0	N/A	N/A	1561
Newby, Kyler RP ARI	Free Agent	0.0	0	0	0	0	0	0	0	0	0	0	N/A	N/A	1566
Olson, Justin RP MIN	Free Agent	0.0	0	0	0	0	0	0	0	0	0	0	N/A	N/A	1569
Weis, Brad RP OAK	Free Agent	0.0	0	0	0	0	0	0	0	0	0	0	N/A	N/A	1570
Sanit, Amaury RP NYY	Free Agent	0.0	0	0	0	0	0	0	0	0	0	0	N/A	N/A	1573
Sarfate, Dennis RP BAL	Free Agent	0.0	0	0	0	0	0	0	0	0	0	0	N/A	N/A	1574
Sisco, Andrew RP NYY 	Free Agent	0.0	0	0	0	0	0	0	0	0	0	0	N/A	N/A	1576
Wayne, Justin RP FLA	Free Agent	0.0	0	0	0	0	0	0	0	0	0	0	N/A	N/A	1582
Gobble, Jimmy RP COL	Free Agent	0.0	0	0	0	0	0	0	0	0	0	0	N/A	N/A	1585
Hull, Eric RP SEA	Free Agent	0.0	0	0	0	0	0	0	0	0	0	0	N/A	N/A	1586
Salas, Marino RP PIT	Free Agent	0.0	0	0	0	0	0	0	0	0	0	0	N/A	N/A	1590
Julianel, Ben RP MIN	Free Agent	0.0	0	0	0	0	0	0	0	0	0	0	N/A	N/A	1595
Herges, Matt RP KC	Free Agent	0.0	0	0	0	0	0	0	0	0	0	0	N/A	N/A	1598
Blevins, Steven RP MIN	Free Agent	0.0	0	0	0	0	0	0	0	0	0	0	N/A	N/A	1599
De La Cruz, Frankie RP SD	Free Agent	0.0	0	0	0	0	0	0	0	0	0	0	N/A	N/A	1600
Mabeus, Chris RP MIL	Free Agent	0.0	0	0	0	0	0	0	0	0	0	0	N/A	N/A	1603
Glover, Gary RP FLA	Free Agent	0.0	0	0	0	0	0	0	0	0	0	0	N/A	N/A	1608
Malone, Christopher RP LA	Free Agent	0.0	0	0	0	0	0	0	0	0	0	0	N/A	N/A	1613
Howard, Ben RP BOS	Free Agent	0.0	0	0	0	0	0	0	0	0	0	0	N/A	N/A	1617
Dials, Zachary RP TOR	Free Agent	0.0	0	0	0	0	0	0	0	0	0	0	N/A	N/A	1619
Fahrner, Evan RP OAK	Free Agent	0.0	0	0	0	0	0	0	0	0	0	0	N/A	N/A	1622
Gonzalez, Aguido P CIN	Free Agent	0.0	0	0	0	0	0	0	0	0	0	0	N/A	N/A	1624
Aldridge, Richard RP ANA	Free Agent	0.0	0	0	0	0	0	0	0	0	0	0	N/A	N/A	1625
Booker, Chris RP WAS	Free Agent	0.0	0	0	0	0	0	0	0	0	0	0	N/A	N/A	1626
Gardner, Lee RP FLA	Free Agent	0.0	0	0	0	0	0	0	0	0	0	0	N/A	N/A	1627
Broadway, Lance RP TOR	Free Agent	0.0	0	0	0	0	0	0	0	0	0	0	N/A	N/A	1629
Register, Steven RP TOR	Free Agent	0.0	0	0	0	0	0	0	0	0	0	0	N/A	N/A	1630
Roberts, Kevin RP PIT	Free Agent	0.0	0	0	0	0	0	0	0	0	0	0	N/A	N/A	1634
Zarate, Mauro RP SD	Free Agent	0.0	0	0	0	0	0	0	0	0	0	0	N/A	N/A	1641
Traber, Billy RP BOS	Free Agent	0.0	0	0	0	0	0	0	0	0	0	0	N/A	N/A	1644
Colyer, Steve RP ATL	Free Agent	0.0	0	0	0	0	0	0	0	0	0	0	N/A	N/A	1649
Nunez, Vladimir RP ATL	Free Agent	0.0	0	0	0	0	0	0	0	0	0	0	N/A	N/A	1651
Phillips, P.J. RP ANA	Free Agent	0.0	0	0	0	0	0	0	0	0	0	0	N/A	N/A	1653
Bland, Nate RP ANA	Free Agent	0.0	0	0	0	0	0	0	0	0	0	0	N/A	N/A	1661
Wear, Gregory RP SEA	Free Agent	0.0	0	0	0	0	0	0	0	0	0	0	N/A	N/A	1663
Abreu, Winston RP TOR 	Free Agent	0.0	0	0	0	0	0	0	0	0	0	0	N/A	N/A	1665
Kennard, Jeff RP CHC	Free Agent	0.0	0	0	0	0	0	0	0	0	0	0	N/A	N/A	1666
Moreno, Anthony RP SF	Free Agent	0.0	0	0	0	0	0	0	0	0	0	0	N/A	N/A	1673
Wechsler, Justin RP ARI	Free Agent	0.0	0	0	0	0	0	0	0	0	0	0	N/A	N/A	1676
Spiehs, R.D. RP SEA	Free Agent	0.0	0	0	0	0	0	0	0	0	0	0	N/A	N/A	1677
DeMark, Mike RP SD	Free Agent	0.0	0	0	0	0	0	0	0	0	0	0	N/A	N/A	1680
Burke, Erick RP SD	Free Agent	0.0	0	0	0	0	0	0	0	0	0	0	N/A	N/A	1681
Yabu, Keiichi RP SF	Free Agent	0.0	0	0	0	0	0	0	0	0	0	0	N/A	N/A	1683
Baker, Craig RP COL	Free Agent	0.0	0	0	0	0	0	0	0	0	0	0	N/A	N/A	1685
Campbell, Matt RP KC	Free Agent	0.0	0	0	0	0	0	0	0	0	0	0	N/A	N/A	1687
Yates, Kyle RP TOR	Free Agent	0.0	0	0	0	0	0	0	0	0	0	0	N/A	N/A	1690
Herrera, Alex RP ATL	Free Agent	0.0	0	0	0	0	0	0	0	0	0	0	N/A	N/A	1693
Kobayashi, Masa RP CLE	Free Agent	0.0	0	0	0	0	0	0	0	0	0	0	N/A	N/A	1694
Schwimer, Michael P PHI	Free Agent	0.0	0	0	0	0	0	0	0	0	0	0	N/A	N/A	1695
Rodriguez, Eddy RP FLA	Free Agent	0.0	0	0	0	0	0	0	0	0	0	0	N/A	N/A	1696
Embry, Byron RP SEA	Free Agent	0.0	0	0	0	0	0	0	0	0	0	0	N/A	N/A	1697
Bass, Adam RP SD	Free Agent	0.0	0	0	0	0	0	0	0	0	0	0	N/A	N/A	1698
Barber, Scott RP ARI	Free Agent	0.0	0	0	0	0	0	0	0	0	0	0	N/A	N/A	1701
Corey, Bryan RP SD	Free Agent	0.0	0	0	0	0	0	0	0	0	0	0	N/A	N/A	1702
Diaz, Jose R. RP LA	Free Agent	0.0	0	0	0	0	0	0	0	0	0	0	N/A	N/A	1705
Bush, Paul RP ATL	Free Agent	0.0	0	0	0	0	0	0	0	0	0	0	N/A	N/A	1707
Alexander, Mark RP LA	Free Agent	0.0	0	0	0	0	0	0	0	0	0	0	N/A	N/A	1712
Ramirez, Santiago RP WAS	Free Agent	0.0	0	0	0	0	0	0	0	0	0	0	N/A	N/A	1714
Ennis, John RP PHI	Free Agent	0.0	0	0	0	0	0	0	0	0	0	0	N/A	N/A	1717
Stamler, Keith RP TEX	Free Agent	0.0	0	0	0	0	0	0	0	0	0	0	N/A	N/A	1718
Carmona, Ysmael RP ANA	Free Agent	0.0	0	0	0	0	0	0	0	0	0	0	N/A	N/A	1722
Bayliss, Jonah RP TOR 	Free Agent	0.0	0	0	0	0	0	0	0	0	0	0	N/A	N/A	1727
Nestor, Scott RP PHI	Free Agent	0.0	0	0	0	0	0	0	0	0	0	0	N/A	N/A	1738
Pullin, Aaron RP ANA	Free Agent	0.0	0	0	0	0	0	0	0	0	0	0	N/A	N/A	1745
McClung, Seth RP TEX	Free Agent	0.0	0	0	0	0	0	0	0	0	0	0	N/A	N/A	1746
Pugliese, Nick RP ANA	Free Agent	0.0	0	0	0	0	0	0	0	0	0	0	N/A	N/A	1748
James, Craig RP SEA	Free Agent	0.0	0	0	0	0	0	0	0	0	0	0	N/A	N/A	1751
Bazzell, Shane RP TEX	Free Agent	0.0	0	0	0	0	0	0	0	0	0	0	N/A	N/A	1756
Petersen, Jeffrey RP SF	Free Agent	0.0	0	0	0	0	0	0	0	0	0	0	N/A	N/A	1758
Merritt, Roydrick RP NYM	Free Agent	0.0	0	0	0	0	0	0	0	0	0	0	N/A	N/A	1761
Roark, Tanner RP WAS	Free Agent	0.0	0	0	0	0	0	0	0	0	0	0	N/A	N/A	1763
Yourkin, Matt RP SF	Free Agent	0.0	0	0	0	0	0	0	0	0	0	0	N/A	N/A	1767
Quezada, Jackson RP SD	Free Agent	0.0	0	0	0	0	0	0	0	0	0	0	N/A	N/A	1775
Johnston, Andrew RP COL	Free Agent	0.0	0	0	0	0	0	0	0	0	0	0	N/A	N/A	1777
Bibens-Dirkx, Austin RP SEA	Free Agent	0.0	0	0	0	0	0	0	0	0	0	0	N/A	N/A	1779
Kenney, Michael RP ANA	Free Agent	0.0	0	0	0	0	0	0	0	0	0	0	N/A	N/A	1781
Vasquez, Carlos RP FLA	Free Agent	0.0	0	0	0	0	0	0	0	0	0	0	N/A	N/A	1784
Vaclavik, Justin RP PIT	Free Agent	0.0	0	0	0	0	0	0	0	0	0	0	N/A	N/A	1785
Robertson, Connor RP NYM	Free Agent	0.0	0	0	0	0	0	0	0	0	0	0	N/A	N/A	1792
Hamulack, Tim RP KC	Free Agent	0.0	0	0	0	0	0	0	0	0	0	0	N/A	N/A	1793
Steele, Mike RP SEA	Free Agent	0.0	0	0	0	0	0	0	0	0	0	0	N/A	N/A	1794
Keefer, Ryan RP BAL	Free Agent	0.0	0	0	0	0	0	0	0	0	0	0	N/A	N/A	1797
Villacis, Eduardo E. RP CHW	Free Agent	0.0	0	0	0	0	0	0	0	0	0	0	N/A	N/A	1801
Gordon, Brian RP PHI	Free Agent	0.0	0	0	0	0	0	0	0	0	0	0	N/A	N/A	1804
Adkins, James RP LA	Free Agent	0.0	0	0	0	0	0	0	0	0	0	0	N/A	N/A	1806
Walrond, Les RP TOR	Free Agent	0.0	0	0	0	0	0	0	0	0	0	0	N/A	N/A	1809
Valdez, Jose A. RP NYY	Free Agent	0.0	0	0	0	0	0	0	0	0	0	0	N/A	N/A	1810
Zell, Danny RP DET	Free Agent	0.0	0	0	0	0	0	0	0	0	0	0	N/A	N/A	1814
Estrada, Jesus RP CHC	Free Agent	0.0	0	0	0	0	0	0	0	0	0	0	N/A	N/A	1822
Schoening, Brent RP MIN	Free Agent	0.0	0	0	0	0	0	0	0	0	0	0	N/A	N/A	1823
Hill, Jeremy RP ANA	Free Agent	0.0	0	0	0	0	0	0	0	0	0	0	N/A	N/A	1826
Thorne, Jeremy RP ANA	Free Agent	0.0	0	0	0	0	0	0	0	0	0	0	N/A	N/A	1829
Bauer, Rick RP COL	Free Agent	0.0	0	0	0	0	0	0	0	0	0	0	N/A	N/A	1831
Sullivan, Brad RP OAK	Free Agent	0.0	0	0	0	0	0	0	0	0	0	0	N/A	N/A	1833
Garr, Brennan RP TEX	Free Agent	0.0	0	0	0	0	0	0	0	0	0	0	N/A	N/A	1841
Bright, Adam J. RP COL	Free Agent	0.0	0	0	0	0	0	0	0	0	0	0	N/A	N/A	1842
Cassel, Justin RP CHW	Free Agent	0.0	0	0	0	0	0	0	0	0	0	0	N/A	N/A	1846
Minix, Travis RP PHI	Free Agent	0.0	0	0	0	0	0	0	0	0	0	0	N/A	N/A	1851
Blanco, Ivan RP SEA	Free Agent	0.0	0	0	0	0	0	0	0	0	0	0	N/A	N/A	1859
McNabb, Tim RP NYM	Free Agent	0.0	0	0	0	0	0	0	0	0	0	0	N/A	N/A	1862
Pino, Yohan RP CLE	Free Agent	0.0	0	0	0	0	0	0	0	0	0	0	N/A	N/A	1863
Gissell, Chris RP COL	Free Agent	0.0	0	0	0	0	0	0	0	0	0	0	N/A	N/A	1865
Adams, Mike T. RP CLE	Free Agent	0.0	0	0	0	0	0	0	0	0	0	0	N/A	N/A	1866
Stewart, Cory RP PIT	Free Agent	0.0	0	0	0	0	0	0	0	0	0	0	N/A	N/A	1868
Tavarez, Julian RP WAS	Free Agent	0.0	0	0	0	0	0	0	0	0	0	0	N/A	N/A	1872
Molldrem, Craig RP FLA	Free Agent	0.0	0	0	0	0	0	0	0	0	0	0	N/A	N/A	1874
de los Santos, Richard RP TB	Free Agent	0.0	0	0	0	0	0	0	0	0	0	0	N/A	N/A	1877
Reed, Evan RP FLA	Free Agent	0.0	0	0	0	0	0	0	0	0	0	0	N/A	N/A	1879
Santiago, Jose RP NYM	Free Agent	0.0	0	0	0	0	0	0	0	0	0	0	N/A	N/A	1881
Reid, Justin RP PIT	Free Agent	0.0	0	0	0	0	0	0	0	0	0	0	N/A	N/A	1890
Arakawa, Yusuke RP COL	Free Agent	0.0	0	0	0	0	0	0	0	0	0	0	N/A	N/A	1896
Percival, Troy RP TB	Free Agent	0.0	0	0	0	0	0	0	0	0	0	0	N/A	N/A	1899
Bukvich, Ryan RP BAL	Free Agent	0.0	0	0	0	0	0	0	0	0	0	0	N/A	N/A	1900
Pennington, Todd RP CLE	Free Agent	0.0	0	0	0	0	0	0	0	0	0	0	N/A	N/A	1903
Plexico, Gerald RP WAS	Free Agent	0.0	0	0	0	0	0	0	0	0	0	0	N/A	N/A	1906
Payano, Nelson RP KC	Free Agent	0.0	0	0	0	0	0	0	0	0	0	0	N/A	N/A	1907
Smoker, Josh RP WAS	Free Agent	0.0	0	0	0	0	0	0	0	0	0	0	N/A	N/A	1913
Romero, Davis RP TOR	Free Agent	0.0	0	0	0	0	0	0	0	0	0	0	N/A	N/A	1915
Wilhite, Matt RP ANA	Free Agent	0.0	0	0	0	0	0	0	0	0	0	0	N/A	N/A	1916
Squires, Matt RP PHI	Free Agent	0.0	0	0	0	0	0	0	0	0	0	0	N/A	N/A	1921
Hefner, Jeremy P SD	Free Agent	0.0	0	0	0	0	0	0	0	0	0	0	N/A	N/A	1924
Bonilla, Henry RP ANA	Free Agent	0.0	0	0	0	0	0	0	0	0	0	0	N/A	N/A	1931
Hamman, Corey RP PIT	Free Agent	0.0	0	0	0	0	0	0	0	0	0	0	N/A	N/A	1934
Hill, Nick RP SEA	Free Agent	0.0	0	0	0	0	0	0	0	0	0	0	N/A	N/A	1937
Alvarez, Manny RP NYM	Free Agent	0.0	0	0	0	0	0	0	0	0	0	0	N/A	N/A	1945
Martinez, Edgar R. RP LA	Free Agent	0.0	0	0	0	0	0	0	0	0	0	0	N/A	N/A	1951
Lowery, Devon RP KC	Free Agent	0.0	0	0	0	0	0	0	0	0	0	0	N/A	N/A	1952
Rakers, Aaron J. RP HOU	Free Agent	0.0	0	0	0	0	0	0	0	0	0	0	N/A	N/A	1953
Woodyard, Mark RP DET	Free Agent	0.0	0	0	0	0	0	0	0	0	0	0	N/A	N/A	1954
Fruto, Emiliano RP ATL	Free Agent	0.0	0	0	0	0	0	0	0	0	0	0	N/A	N/A	1957
Baez, Federico RP CIN	Free Agent	0.0	0	0	0	0	0	0	0	0	0	0	N/A	N/A	1958
Garcia, Jose L. RP OAK	Free Agent	0.0	0	0	0	0	0	0	0	0	0	0	N/A	N/A	1959
Flores, Jose RP SEA 	Free Agent	0.0	0	0	0	0	0	0	0	0	0	0	N/A	N/A	1960
Quinonez, Rudolph RP ATL	Free Agent	0.0	0	0	0	0	0	0	0	0	0	0	N/A	N/A	1964
Tomey, Anthony RP DET	Free Agent	0.0	0	0	0	0	0	0	0	0	0	0	N/A	N/A	1970
Vaquedano, Jose RP BOS	Free Agent	0.0	0	0	0	0	0	0	0	0	0	0	N/A	N/A	1971
Rusch, Glendon RP COL	Free Agent	0.0	0	0	0	0	0	0	0	0	0	0	N/A	N/A	1972
Jackson, Kyle RP BOS	Free Agent	0.0	0	0	0	0	0	0	0	0	0	0	N/A	N/A	1976
Woods, Jake RP PHI	Free Agent	0.0	0	0	0	0	0	0	0	0	0	0	N/A	N/A	1978
Hovis, Jonathan RP NYY	Free Agent	0.0	0	0	0	0	0	0	0	0	0	0	N/A	N/A	1982
Geary, Geoff RP LA	Free Agent	0.0	0	0	0	0	0	0	0	0	0	0	N/A	N/A	1984
Hunton, Jon P OAK	Free Agent	0.0	0	0	0	0	0	0	0	0	0	0	N/A	N/A	1985
Cave, Kevin RP FLA	Free Agent	0.0	0	0	0	0	0	0	0	0	0	0	N/A	N/A	1992
Britton, Chris RP SD	Free Agent	0.0	0	0	0	0	0	0	0	0	0	0	N/A	N/A	1994
Morlan, Eduardo RP TB	Free Agent	0.0	0	0	0	0	0	0	0	0	0	0	N/A	N/A	1995
Zumwalt, Alec RP MIL	Free Agent	0.0	0	0	0	0	0	0	0	0	0	0	N/A	N/A	2000
Wilson, Kris RP PHI	Free Agent	0.0	0	0	0	0	0	0	0	0	0	0	N/A	N/A	2009
Manon, Julio RP OAK	Free Agent	0.0	0	0	0	0	0	0	0	0	0	0	N/A	N/A	2018
McConnell, Sam RP ATL	Free Agent	0.0	0	0	0	0	0	0	0	0	0	0	N/A	N/A	2019
Saenz, Chris RP MIL	Free Agent	0.0	0	0	0	0	0	0	0	0	0	0	N/A	N/A	2023
Bush, Matt RP TB	Free Agent	0.0	0	0	0	0	0	0	0	0	0	0	N/A	N/A	2026
Currin, Patrick RP OAK	Free Agent	0.0	0	0	0	0	0	0	0	0	0	0	N/A	N/A	2034
Whisler, Wesley RP CHW	Free Agent	0.0	0	0	0	0	0	0	0	0	0	0	N/A	N/A	2035
Voyles, Brad RP MIN	Free Agent	0.0	0	0	0	0	0	0	0	0	0	0	N/A	N/A	2041
Avery, Matthew RP WAS	Free Agent	0.0	0	0	0	0	0	0	0	0	0	0	N/A	N/A	2043
Pichardo, Kelvin RP SF	Free Agent	0.0	0	0	0	0	0	0	0	0	0	0	N/A	N/A	2044
Curtis, Dan RP ATL	Free Agent	0.0	0	0	0	0	0	0	0	0	0	0	N/A	N/A	2045
Edlefsen, Steve RP SF	Free Agent	0.0	0	0	0	0	0	0	0	0	0	0	N/A	N/A	2046
Jimenez, Cesar RP SEA	Free Agent	0.0	0	0	0	0	0	0	0	0	0	0	N/A	N/A	2053
Howard, Adam RP ARI	Free Agent	0.0	0	0	0	0	0	0	0	0	0	0	N/A	N/A	2055
Hensley, Matt RP TOR	Free Agent	0.0	0	0	0	0	0	0	0	0	0	0	N/A	N/A	2059
Hurd, John RP CHW	Free Agent	0.0	0	0	0	0	0	0	0	0	0	0	N/A	N/A	2062
Dingman, Craig RP DET	Free Agent	0.0	0	0	0	0	0	0	0	0	0	0	N/A	N/A	2065
Ormond, Rodney RP TOR	Free Agent	0.0	0	0	0	0	0	0	0	0	0	0	N/A	N/A	2074
Takahashi, Ken RP NYM	Free Agent	0.0	0	0	0	0	0	0	0	0	0	0	N/A	N/A	2075
Abreu, Juan RP ATL	Free Agent	0.0	0	0	0	0	0	0	0	0	0	0	N/A	N/A	2077
Robbins, Jake RP CIN	Free Agent	0.0	0	0	0	0	0	0	0	0	0	0	N/A	N/A	2080
Gunderson, Kevin RP ATL	Free Agent	0.0	0	0	0	0	0	0	0	0	0	0	N/A	N/A	2086
De La Cruz, Julio RP KC	Free Agent	0.0	0	0	0	0	0	0	0	0	0	0	N/A	N/A	2087
Smith, Matt J. RP CHC	Free Agent	0.0	0	0	0	0	0	0	0	0	0	0	N/A	N/A	2088
O'Connor, Mike RP SD 	Free Agent	0.0	0	0	0	0	0	0	0	0	0	0	N/A	N/A	2089
Gonzalez, Luis E. RP SEA	Free Agent	0.0	0	0	0	0	0	0	0	0	0	0	N/A	N/A	2090
Speier, Justin RP COL	Free Agent	0.0	0	0	0	0	0	0	0	0	0	0	N/A	N/A	2091
Green, Matthew RP ARI	Free Agent	0.0	0	0	0	0	0	0	0	0	0	0	N/A	N/A	2095
Magnuson, Trystan RP OAK 	Free Agent	0.0	0	0	0	0	0	0	0	0	0	0	N/A	N/A	2096
Valenzuela, Sergio RP CIN	Free Agent	0.0	0	0	0	0	0	0	0	0	0	0	N/A	N/A	2100
DePaula, Julio RP TB	Free Agent	0.0	0	0	0	0	0	0	0	0	0	0	N/A	N/A	2107
Downs, Brodie RP SEA	Free Agent	0.0	0	0	0	0	0	0	0	0	0	0	N/A	N/A	2112
Klatt, Ryan RP SD	Free Agent	0.0	0	0	0	0	0	0	0	0	0	0	N/A	N/A	2121
Sanchez, Duaner RP SD	Free Agent	0.0	0	0	0	0	0	0	0	0	0	0	N/A	N/A	2127
Guevara, Carlos RP SD	Free Agent	0.0	0	0	0	0	0	0	0	0	0	0	N/A	N/A	2129
Miller, Ryne RP BOS	Free Agent	0.0	0	0	0	0	0	0	0	0	0	0	N/A	N/A	2132
Martin, Adrian RP SF	Free Agent	0.0	0	0	0	0	0	0	0	0	0	0	N/A	N/A	2137
Warden, Jim Ed RP WAS	Free Agent	0.0	0	0	0	0	0	0	0	0	0	0	N/A	N/A	2138
Wild, Jacob RP SEA	Free Agent	0.0	0	0	0	0	0	0	0	0	0	0	N/A	N/A	2139
Brunet, Michael RP SD	Free Agent	0.0	0	0	0	0	0	0	0	0	0	0	N/A	N/A	2142
Jan, Carlos RP BAL	Free Agent	0.0	0	0	0	0	0	0	0	0	0	0	N/A	N/A	2143
Ovalles, Juan RP CHW	Free Agent	0.0	0	0	0	0	0	0	0	0	0	0	N/A	N/A	2153
Mateo, Julio RP SF	Free Agent	0.0	0	0	0	0	0	0	0	0	0	0	N/A	N/A	2158
Horst, Jeremy P CIN	Free Agent	0.0	0	0	0	0	0	0	0	0	0	0	N/A	N/A	2160
Muessig, Jeff RP OAK	Free Agent	0.0	0	0	0	0	0	0	0	0	0	0	N/A	N/A	2162
Isringhausen, Jason RP CIN	Free Agent	0.0	0	0	0	0	0	0	0	0	0	0	N/A	N/A	2169
De La Vara, Gilbert RP CIN	Free Agent	0.0	0	0	0	0	0	0	0	0	0	0	N/A	N/A	2173
White, Bill RP PHI	Free Agent	0.0	0	0	0	0	0	0	0	0	0	0	N/A	N/A	2180
Garcia, Rosman RP TEX	Free Agent	0.0	0	0	0	0	0	0	0	0	0	0	N/A	N/A	2181
Asencio, Miguel RP BOS	Free Agent	0.0	0	0	0	0	0	0	0	0	0	0	N/A	N/A	2182
Delgado, Jesus RP CIN	Free Agent	0.0	0	0	0	0	0	0	0	0	0	0	N/A	N/A	2184
Parrott, Rhett RP STL	Free Agent	0.0	0	0	0	0	0	0	0	0	0	0	N/A	N/A	2187
Spurling, Chris RP MIL	Free Agent	0.0	0	0	0	0	0	0	0	0	0	0	N/A	N/A	2193
Cherry, Rocky RP SD	Free Agent	0.0	0	0	0	0	0	0	0	0	0	0	N/A	N/A	2199
Thomas, Jared RP SEA	Free Agent	0.0	0	0	0	0	0	0	0	0	0	0	N/A	N/A	2206
Akin, Brian RP LA	Free Agent	0.0	0	0	0	0	0	0	0	0	0	0	N/A	N/A	2207
Braun, Ryan Z. RP CHW 	Free Agent	0.0	0	0	0	0	0	0	0	0	0	0	N/A	N/A	2209
Henn, Sean RP TOR 	Free Agent	0.0	0	0	0	0	0	0	0	0	0	0	N/A	N/A	2210
Osoria, Franquelis RP KC	Free Agent	0.0	0	0	0	0	0	0	0	0	0	0	N/A	N/A	2213
Rincon, Ricardo RP NYM	Free Agent	0.0	0	0	0	0	0	0	0	0	0	0	N/A	N/A	2217
McDade, Neal RP PIT	Free Agent	0.0	0	0	0	0	0	0	0	0	0	0	N/A	N/A	2227
Startup, Will RP ATL	Free Agent	0.0	0	0	0	0	0	0	0	0	0	0	N/A	N/A	2228
Juarez, William RP LA	Free Agent	0.0	0	0	0	0	0	0	0	0	0	0	N/A	N/A	2230
Sanchez, Eduardo RP STL	Free Agent	0.0	0	0	0	0	0	0	0	0	0	0	N/A	N/A	2234
Vogelsong, Ryan P PHI	Free Agent	0.0	0	0	0	0	0	0	0	0	0	0	N/A	N/A	2235
Jones, Mike RP MIL	Free Agent	0.0	0	0	0	0	0	0	0	0	0	0	N/A	N/A	2236
Smit, Kyle RP CHC	Free Agent	0.0	0	0	0	0	0	0	0	0	0	0	N/A	N/A	2237
Camacho, Eddie RP NYM	Free Agent	0.0	0	0	0	0	0	0	0	0	0	0	N/A	N/A	2238
Honel, Kris RP STL	Free Agent	0.0	0	0	0	0	0	0	0	0	0	0	N/A	N/A	2241
Machi, Jean RP PIT	Free Agent	0.0	0	0	0	0	0	0	0	0	0	0	N/A	N/A	2246
Shackelford, Brian RP LA	Free Agent	0.0	0	0	0	0	0	0	0	0	0	0	N/A	N/A	2247
Jimenez, Kelvin RP CHW	Free Agent	0.0	0	0	0	0	0	0	0	0	0	0	N/A	N/A	2248
Hughes, Travis RP BOS	Free Agent	0.0	0	0	0	0	0	0	0	0	0	0	N/A	N/A	2252
Hoey, Jim RP MIN 	Free Agent	0.0	0	0	0	0	0	0	0	0	0	0	N/A	N/A	2253
Salas, Juan RP CLE	Free Agent	0.0	0	0	0	0	0	0	0	0	0	0	N/A	N/A	2257
Peterson, Adam RP DET	Free Agent	0.0	0	0	0	0	0	0	0	0	0	0	N/A	N/A	2259
King, Blake RP STL	Free Agent	0.0	0	0	0	0	0	0	0	0	0	0	N/A	N/A	2261
James, Michael RP BOS	Free Agent	0.0	0	0	0	0	0	0	0	0	0	0	N/A	N/A	2266
Michalak, Chris RP WAS	Free Agent	0.0	0	0	0	0	0	0	0	0	0	0	N/A	N/A	2274
Gayhart, Jared RP DET	Free Agent	0.0	0	0	0	0	0	0	0	0	0	0	N/A	N/A	2275
Salmon, Brad RP ANA	Free Agent	0.0	0	0	0	0	0	0	0	0	0	0	N/A	N/A	2279
Goocher, Clint RP ARI	Free Agent	0.0	0	0	0	0	0	0	0	0	0	0	N/A	N/A	2286
Schreiber, Zach RP ATL	Free Agent	0.0	0	0	0	0	0	0	0	0	0	0	N/A	N/A	2288
Gryboski, Kevin RP SF	Free Agent	0.0	0	0	0	0	0	0	0	0	0	0	N/A	N/A	2301
Montero, Agustin RP LA	Free Agent	0.0	0	0	0	0	0	0	0	0	0	0	N/A	N/A	2303
Brazoban, Yhency RP NYM 	Free Agent	0.0	0	0	0	0	0	0	0	0	0	0	N/A	N/A	2306
Graves, Danny RP HOU	Free Agent	0.0	0	0	0	0	0	0	0	0	0	0	N/A	N/A	2311
Dumatrait, Phil RP MIN 	Free Agent	0.0	0	0	0	0	0	0	0	0	0	0	N/A	N/A	2314
Gulin, Lindsay RP MIL	Free Agent	0.0	0	0	0	0	0	0	0	0	0	0	N/A	N/A	2317
Papelbon, Jeremy RP CHC	Free Agent	0.0	0	0	0	0	0	0	0	0	0	0	N/A	N/A	2326
Sadler, Billy RP HOU	Free Agent	0.0	0	0	0	0	0	0	0	0	0	0	N/A	N/A	2332
Collazo, Willie RP TOR	Free Agent	0.0	0	0	0	0	0	0	0	0	0	0	N/A	N/A	2333
Rowe, Steven RP TEX	Free Agent	0.0	0	0	0	0	0	0	0	0	0	0	N/A	N/A	2334
Grilli, Jason RP CLE	Free Agent	0.0	0	0	0	0	0	0	0	0	0	0	N/A	N/A	2340
Ruffin, Chance RP DET	Free Agent	0.0	0	0	0	0	0	0	0	0	0	0	N/A	N/A	2345
Anderson, Jason RP PHI	Free Agent	0.0	0	0	0	0	0	0	0	0	0	0	N/A	N/A	2349
Worrell, Mark RP SEA	Free Agent	0.0	0	0	0	0	0	0	0	0	0	0	N/A	N/A	2354
Starner, Nathan RP TOR	Free Agent	0.0	0	0	0	0	0	0	0	0	0	0	N/A	N/A	2355
Gogal, Jeffrey RP FLA	Free Agent	0.0	0	0	0	0	0	0	0	0	0	0	N/A	N/A	2360
Gronkiewicz, Lee RP BOS	Free Agent	0.0	0	0	0	0	0	0	0	0	0	0	N/A	N/A	2363
Reifer, Adam P STL	Free Agent	0.0	0	0	0	0	0	0	0	0	0	0	N/A	N/A	2365
Hertzler, Barry RP BOS	Free Agent	0.0	0	0	0	0	0	0	0	0	0	0	N/A	N/A	2384
Bynum, Mike RP DET	Free Agent	0.0	0	0	0	0	0	0	0	0	0	0	N/A	N/A	2385
Brooks, Richard RP CHW	Free Agent	0.0	0	0	0	0	0	0	0	0	0	0	N/A	N/A	2389
Bowles, Brian RP SF	Free Agent	0.0	0	0	0	0	0	0	0	0	0	0	N/A	N/A	2391
Regilio, Nick RP TEX	Free Agent	0.0	0	0	0	0	0	0	0	0	0	0	N/A	N/A	2392
Meszaros, Daniel P HOU	Free Agent	0.0	0	0	0	0	0	0	0	0	0	0	N/A	N/A	2397
Childers, Matt RP PHI	Free Agent	0.0	0	0	0	0	0	0	0	0	0	0	N/A	N/A	2398
Forystek, Brian RP BAL	Free Agent	0.0	0	0	0	0	0	0	0	0	0	0	N/A	N/A	2399
Massaro, Michael RP OAK	Free Agent	0.0	0	0	0	0	0	0	0	0	0	0	N/A	N/A	2405
Dohmann, Scott RP LA	Free Agent	0.0	0	0	0	0	0	0	0	0	0	0	N/A	N/A	2408
Gonzalez, Marco RP STL	Free Agent	0.0	0	0	0	0	0	0	0	0	0	0	N/A	N/A	2409
Smith, Dan B. RP ATL	Free Agent	0.0	0	0	0	0	0	0	0	0	0	0	N/A	N/A	2410
Schmoll, Steve RP NYM	Free Agent	0.0	0	0	0	0	0	0	0	0	0	0	N/A	N/A	2420
Lugo, Jose RP MIN	Free Agent	0.0	0	0	0	0	0	0	0	0	0	0	N/A	N/A	2422
Nannini, Mike RP TOR	Free Agent	0.0	0	0	0	0	0	0	0	0	0	0	N/A	N/A	2424
Huisman, Justin RP KC	Free Agent	0.0	0	0	0	0	0	0	0	0	0	0	N/A	N/A	2435
Wolfe, Brian RP TOR	Free Agent	0.0	0	0	0	0	0	0	0	0	0	0	N/A	N/A	2436
Nix, Michael RP ATL	Free Agent	0.0	0	0	0	0	0	0	0	0	0	0	N/A	N/A	2437
Johnson, Jeremy RP DET	Free Agent	0.0	0	0	0	0	0	0	0	0	0	0	N/A	N/A	2439
Searles, Jonathan RP BOS	Free Agent	0.0	0	0	0	0	0	0	0	0	0	0	N/A	N/A	2443
Cali, Carmen RP LA	Free Agent	0.0	0	0	0	0	0	0	0	0	0	0	N/A	N/A	2447
Woody, Abraham RP ARI	Free Agent	0.0	0	0	0	0	0	0	0	0	0	0	N/A	N/A	2448
Garcia, Angel RP OAK	Free Agent	0.0	0	0	0	0	0	0	0	0	0	0	N/A	N/A	2451
Smith, Jesse RP ANA	Free Agent	0.0	0	0	0	0	0	0	0	0	0	0	N/A	N/A	2458
Fish, Robert P NYY 	Free Agent	0.0	0	0	0	0	0	0	0	0	0	0	N/A	N/A	2459
Tobin, Mason RP TEX 	Free Agent	0.0	0	0	0	0	0	0	0	0	0	0	N/A	N/A	2464
Bell, Rob RP WAS	Free Agent	0.0	0	0	0	0	0	0	0	0	0	0	N/A	N/A	2466
Glant, Dustin RP ARI	Free Agent	0.0	0	0	0	0	0	0	0	0	0	0	N/A	N/A	2471
Garcia, Harvey RP LA	Free Agent	0.0	0	0	0	0	0	0	0	0	0	0	N/A	N/A	2474
Chiavacci, Ron RP PHI	Free Agent	0.0	0	0	0	0	0	0	0	0	0	0	N/A	N/A	2477
Yabuta, Yasuhiko RP KC	Free Agent	0.0	0	0	0	0	0	0	0	0	0	0	N/A	N/A	2482
Rust, Evan RP STL	Free Agent	0.0	0	0	0	0	0	0	0	0	0	0	N/A	N/A	2483
Buglovsky, Christopher RP SEA	Free Agent	0.0	0	0	0	0	0	0	0	0	0	0	N/A	N/A	2484
Whitaker, Craig RP SF	Free Agent	0.0	0	0	0	0	0	0	0	0	0	0	N/A	N/A	2488
Vaughan, Beau RP OAK	Free Agent	0.0	0	0	0	0	0	0	0	0	0	0	N/A	N/A	2491
Ramirez, Horacio RP SF	Free Agent	0.0	0	0	0	0	0	0	0	0	0	0	N/A	N/A	2493
Rice, Scott RP COL	Free Agent	0.0	0	0	0	0	0	0	0	0	0	0	N/A	N/A	2494
Brown, Brooks RP DET	Free Agent	0.0	0	0	0	0	0	0	0	0	0	0	N/A	N/A	2498
Aquino, Greg RP CHW	Free Agent	0.0	0	0	0	0	0	0	0	0	0	0	N/A	N/A	2505
De La Rosa, Dane RP TB	Free Agent	0.0	0	0	0	0	0	0	0	0	0	0	N/A	N/A	2506
Rivera, Mumba RP SEA	Free Agent	0.0	0	0	0	0	0	0	0	0	0	0	N/A	N/A	2508
Mastny, Thomas RP CLE	Free Agent	0.0	0	0	0	0	0	0	0	0	0	0	N/A	N/A	2510
Songster, Jud RP COL	Free Agent	0.0	0	0	0	0	0	0	0	0	0	0	N/A	N/A	2512
Moss, Damian P COL	Free Agent	0.0	0	0	0	0	0	0	0	0	0	0	N/A	N/A	2515
McKiernan, Eddie RP ANA	Free Agent	0.0	0	0	0	0	0	0	0	0	0	0	N/A	N/A	2516
Moreno, Edwin RP BOS	Free Agent	0.0	0	0	0	0	0	0	0	0	0	0	N/A	N/A	2517
Mattioni, Nick RP OAK	Free Agent	0.0	0	0	0	0	0	0	0	0	0	0	N/A	N/A	2518
Dunn, Scott RP OAK	Free Agent	0.0	0	0	0	0	0	0	0	0	0	0	N/A	N/A	2522
Fogg, Josh RP PHI	Free Agent	0.0	0	0	0	0	0	0	0	0	0	0	N/A	N/A	2524
Stewart, Scott E. RP NYM	Free Agent	0.0	0	0	0	0	0	0	0	0	0	0	N/A	N/A	2526
Maxwell, Blake RP BOS	Free Agent	0.0	0	0	0	0	0	0	0	0	0	0	N/A	N/A	2539
Musser, Neal RP NYM	Free Agent	0.0	0	0	0	0	0	0	0	0	0	0	N/A	N/A	2544
Benitez, Armando RP FLA	Free Agent	0.0	0	0	0	0	0	0	0	0	0	0	N/A	N/A	2545
Diaz, Felix RP WAS	Free Agent	0.0	0	0	0	0	0	0	0	0	0	0	N/A	N/A	2558
Crawford, Tristan RP WAS	Free Agent	0.0	0	0	0	0	0	0	0	0	0	0	N/A	N/A	2561
Campusano, Ed RP CHC	Free Agent	0.0	0	0	0	0	0	0	0	0	0	0	N/A	N/A	2563
Waddell, Jason RP DET	Free Agent	0.0	0	0	0	0	0	0	0	0	0	0	N/A	N/A	2572
Hernandez, Fernando RP OAK	Free Agent	0.0	0	0	0	0	0	0	0	0	0	0	N/A	N/A	2575
Rundles, Richard RP CLE	Free Agent	0.0	0	0	0	0	0	0	0	0	0	0	N/A	N/A	2582
Rogers, Brian A. RP PIT	Free Agent	0.0	0	0	0	0	0	0	0	0	0	0	N/A	N/A	2583
Turnbow, Derrick RP FLA	Free Agent	0.0	0	0	0	0	0	0	0	0	0	0	N/A	N/A	2584
Murphy, Bill RP TOR	Free Agent	0.0	0	0	0	0	0	0	0	0	0	0	N/A	N/A	2590
Urquidez, Jason RP ARI	Free Agent	0.0	0	0	0	0	0	0	0	0	0	0	N/A	N/A	2592
Ray, Ronald RP SF	Free Agent	0.0	0	0	0	0	0	0	0	0	0	0	N/A	N/A	2595
Vargas, Jose RP TEX	Free Agent	0.0	0	0	0	0	0	0	0	0	0	0	N/A	N/A	2598
Kontos, George RP SD 	Free Agent	0.0	0	0	0	0	0	0	0	0	0	0	N/A	N/A	2599
Atlee, Thomas RP MIL	Free Agent	0.0	0	0	0	0	0	0	0	0	0	0	N/A	N/A	2601
Beam, T.J. RP ARI	Free Agent	0.0	0	0	0	0	0	0	0	0	0	0	N/A	N/A	2604
Wilkie, Josh RP WAS	Free Agent	0.0	0	0	0	0	0	0	0	0	0	0	N/A	N/A	2613
Bongiovanni, Vincent RP TOR	Free Agent	0.0	0	0	0	0	0	0	0	0	0	0	N/A	N/A	2615
Pote, Lou RP TEX	Free Agent	0.0	0	0	0	0	0	0	0	0	0	0	N/A	N/A	2620
Shappi, A.J. RP ARI	Free Agent	0.0	0	0	0	0	0	0	0	0	0	0	N/A	N/A	2628
Felix, Francisco RP LA	Free Agent	0.0	0	0	0	0	0	0	0	0	0	0	N/A	N/A	2631
Stinson, Josh RP NYM	Free Agent	0.0	0	0	0	0	0	0	0	0	0	0	N/A	N/A	2634
Fox, Chad RP CHC	Free Agent	0.0	0	0	0	0	0	0	0	0	0	0	N/A	N/A	2635
Bateman, Joe RP TB	Free Agent	0.0	0	0	0	0	0	0	0	0	0	0	N/A	N/A	2639
Moreno, Victor RP BAL	Free Agent	0.0	0	0	0	0	0	0	0	0	0	0	N/A	N/A	2640
Miller, Greg D. RP LA	Free Agent	0.0	0	0	0	0	0	0	0	0	0	0	N/A	N/A	2645
Butto, Francisco RP PHI	Free Agent	0.0	0	0	0	0	0	0	0	0	0	0	N/A	N/A	2651
Province, Christopher RP MIN	Free Agent	0.0	0	0	0	0	0	0	0	0	0	0	N/A	N/A	2654
Cox, Bryson RP BOS	Free Agent	0.0	0	0	0	0	0	0	0	0	0	0	N/A	N/A	2655
Smith, Cody RP KC	Free Agent	0.0	0	0	0	0	0	0	0	0	0	0	N/A	N/A	2658
Rueckel, Danny RP WAS	Free Agent	0.0	0	0	0	0	0	0	0	0	0	0	N/A	N/A	2661
Campbell, Brett B. RP MIL	Free Agent	0.0	0	0	0	0	0	0	0	0	0	0	N/A	N/A	2664
Furnish, Brad RP STL	Free Agent	0.0	0	0	0	0	0	0	0	0	0	0	N/A	N/A	2672
Lujan, John RP CHW	Free Agent	0.0	0	0	0	0	0	0	0	0	0	0	N/A	N/A	2674
De Fratus, Justin RP PHI	Free Agent	0.0	0	0	0	0	0	0	0	0	0	0	N/A	N/A	2685
Core, Danny RP TOR	Free Agent	0.0	0	0	0	0	0	0	0	0	0	0	N/A	N/A	2687
Smith, Sean H. RP COL	Free Agent	0.0	0	0	0	0	0	0	0	0	0	0	N/A	N/A	2688
Pineda, Michael P SEA 	Free Agent	0.0	0	0	0	0	0	0	0	0	0	0	N/A	N/A	2691
Segovia, Zack RP NYY	Free Agent	0.0	0	0	0	0	0	0	0	0	0	0	N/A	N/A	2694
Huber, Jon RP LA	Free Agent	0.0	0	0	0	0	0	0	0	0	0	0	N/A	N/A	2696
Kopp, David RP STL	Free Agent	0.0	0	0	0	0	0	0	0	0	0	0	N/A	N/A	2698
De Jong, Jordan RP TOR	Free Agent	0.0	0	0	0	0	0	0	0	0	0	0	N/A	N/A	2700
Burke, Greg RP SD	Free Agent	0.0	0	0	0	0	0	0	0	0	0	0	N/A	N/A	2703
Tucker, Glenn RP ATL	Free Agent	0.0	0	0	0	0	0	0	0	0	0	0	N/A	N/A	2707
Krebs, Joseph P CIN	Free Agent	0.0	0	0	0	0	0	0	0	0	0	0	N/A	N/A	2715
Patterson, Scott RP SEA	Free Agent	0.0	0	0	0	0	0	0	0	0	0	0	N/A	N/A	2716
Smith, Carlton RP CLE	Free Agent	0.0	0	0	0	0	0	0	0	0	0	0	N/A	N/A	2717
Fortunato, Bartolome RP SF	Free Agent	0.0	0	0	0	0	0	0	0	0	0	0	N/A	N/A	2727
Tsao, Chin-Hui RP KC	Free Agent	0.0	0	0	0	0	0	0	0	0	0	0	N/A	N/A	2728
Anderson, Brian RP SF	Free Agent	0.0	0	0	0	0	0	0	0	0	0	0	N/A	N/A	2730
Tomoro, Denny RP BOS	Free Agent	0.0	0	0	0	0	0	0	0	0	0	0	N/A	N/A	2734
Castellanos, Hugo RP STL	Free Agent	0.0	0	0	0	0	0	0	0	0	0	0	N/A	N/A	2736
Rodriguez, Orlando RP LA	Free Agent	0.0	0	0	0	0	0	0	0	0	0	0	N/A	N/A	2738
Hutchinson, Trevor RP FLA	Free Agent	0.0	0	0	0	0	0	0	0	0	0	0	N/A	N/A	2741
Clarke, Darren RP COL	Free Agent	0.0	0	0	0	0	0	0	0	0	0	0	N/A	N/A	2744
Muniz, Carlos RP NYM	Free Agent	0.0	0	0	0	0	0	0	0	0	0	0	N/A	N/A	2750
Jamison, Neil RP SD	Free Agent	0.0	0	0	0	0	0	0	0	0	0	0	N/A	N/A	2751
Mills, Adam RP BOS	Free Agent	0.0	0	0	0	0	0	0	0	0	0	0	N/A	N/A	2754
Casilla, Jose RP SF	Free Agent	0.0	0	0	0	0	0	0	0	0	0	0	N/A	N/A	2757
Arredondo, Jose RP CIN 	Free Agent	0.0	0	0	0	0	0	0	0	0	0	0	N/A	N/A	2763
Spottiswood, William RP ARI	Free Agent	0.0	0	0	0	0	0	0	0	0	0	0	N/A	N/A	2767
Valentine, Joe RP MIL	Free Agent	0.0	0	0	0	0	0	0	0	0	0	0	N/A	N/A	2771
Cabral, Cesar RP TB 	Free Agent	0.0	0	0	0	0	0	0	0	0	0	0	N/A	N/A	2773
Wagner, Ryan RP WAS	Free Agent	0.0	0	0	0	0	0	0	0	0	0	0	N/A	N/A	2774
Reckling, Trevor RP ANA	Free Agent	0.0	0	0	0	0	0	0	0	0	0	0	N/A	N/A	2778
Hagerty, Luke RP FLA	Free Agent	0.0	0	0	0	0	0	0	0	0	0	0	N/A	N/A	2779
Watson, Sean RP CIN	Free Agent	0.0	0	0	0	0	0	0	0	0	0	0	N/A	N/A	2780
Hottovy, Tommy RP BOS	Free Agent	0.0	0	0	0	0	0	0	0	0	0	0	N/A	N/A	2788
Knotts, Gary RP PHI	Free Agent	0.0	0	0	0	0	0	0	0	0	0	0	N/A	N/A	2799
Miller, Jeff RP SF	Free Agent	0.0	0	0	0	0	0	0	0	0	0	0	N/A	N/A	2801
Begg, Chris RP SF	Free Agent	0.0	0	0	0	0	0	0	0	0	0	0	N/A	N/A	2802
Garcia, Anderson RP SEA	Free Agent	0.0	0	0	0	0	0	0	0	0	0	0	N/A	N/A	2803
Tracey, Sean RP CHW	Free Agent	0.0	0	0	0	0	0	0	0	0	0	0	N/A	N/A	2808
Tovar, Angel RP SD	Free Agent	0.0	0	0	0	0	0	0	0	0	0	0	N/A	N/A	2809
Huerta, Edgar RP SD	Free Agent	0.0	0	0	0	0	0	0	0	0	0	0	N/A	N/A	2810
Ortega, Jose RP DET	Free Agent	0.0	0	0	0	0	0	0	0	0	0	0	N/A	N/A	2812
Sierra, Eduardo RP LA	Free Agent	0.0	0	0	0	0	0	0	0	0	0	0	N/A	N/A	2813
Stutes, Michael P PHI	Free Agent	0.0	0	0	0	0	0	0	0	0	0	0	N/A	N/A	2815
Shoemaker, Scott RP TEX	Free Agent	0.0	0	0	0	0	0	0	0	0	0	0	N/A	N/A	2820
Schmidt, Nick RP SD	Free Agent	0.0	0	0	0	0	0	0	0	0	0	0	N/A	N/A	2821
Mullins, Ryan RP MIN	Free Agent	0.0	0	0	0	0	0	0	0	0	0	0	N/A	N/A	2823
Matumoto, Jo RP TOR	Free Agent	0.0	0	0	0	0	0	0	0	0	0	0	N/A	N/A	2824
Barry, Kevin RP ATL	Free Agent	0.0	0	0	0	0	0	0	0	0	0	0	N/A	N/A	2825
Hines, Carlos RP HOU	Free Agent	0.0	0	0	0	0	0	0	0	0	0	0	N/A	N/A	2836
Overholt, Patrick RP PHI	Free Agent	0.0	0	0	0	0	0	0	0	0	0	0	N/A	N/A	2837
Laughter, Andrew RP TEX	Free Agent	0.0	0	0	0	0	0	0	0	0	0	0	N/A	N/A	2847
Oldham, Thomas RP SEA	Free Agent	0.0	0	0	0	0	0	0	0	0	0	0	N/A	N/A	2848
Egbert, Jack RP NYM	Free Agent	0.0	0	0	0	0	0	0	0	0	0	0	N/A	N/A	2850
Rall, Tim RP SEA	Free Agent	0.0	0	0	0	0	0	0	0	0	0	0	N/A	N/A	2851
Trolia, Aaron RP SEA	Free Agent	0.0	0	0	0	0	0	0	0	0	0	0	N/A	N/A	2854
Hedrick, Justin RP SF	Free Agent	0.0	0	0	0	0	0	0	0	0	0	0	N/A	N/A	2856
Richards, Garrett P ANA	Free Agent	0.0	0	0	0	0	0	0	0	0	0	0	N/A	N/A	2858
Basner, Ryan RP ATL	Free Agent	0.0	0	0	0	0	0	0	0	0	0	0	N/A	N/A	2860
Houlton, D.J. RP LA	Free Agent	0.0	0	0	0	0	0	0	0	0	0	0	N/A	N/A	2872
Cate, Troy RP OAK	Free Agent	0.0	0	0	0	0	0	0	0	0	0	0	N/A	N/A	2874
Shipman, Andrew RP OAK	Free Agent	0.0	0	0	0	0	0	0	0	0	0	0	N/A	N/A	2877
Ray, Jason P OAK	Free Agent	0.0	0	0	0	0	0	0	0	0	0	0	N/A	N/A	2882
Shinskie, David RP TOR	Free Agent	0.0	0	0	0	0	0	0	0	0	0	0	N/A	N/A	2886
Fukumori, Kazuo RP TEX	Free Agent	0.0	0	0	0	0	0	0	0	0	0	0	N/A	N/A	2888
McLemore, Mark S. RP MIN	Free Agent	0.0	0	0	0	0	0	0	0	0	0	0	N/A	N/A	2890
Edwards, Bryan RP NYM	Free Agent	0.0	0	0	0	0	0	0	0	0	0	0	N/A	N/A	2893
Wing, Ryan RP OAK	Free Agent	0.0	0	0	0	0	0	0	0	0	0	0	N/A	N/A	2899
Santos, Reid RP MIN	Free Agent	0.0	0	0	0	0	0	0	0	0	0	0	N/A	N/A	2902
Novinsky, John RP MIL	Free Agent	0.0	0	0	0	0	0	0	0	0	0	0	N/A	N/A	2904
DeSalvo, Matt RP FLA	Free Agent	0.0	0	0	0	0	0	0	0	0	0	0	N/A	N/A	2906
Geronimo, Ramon P CIN	Free Agent	0.0	0	0	0	0	0	0	0	0	0	0	N/A	N/A	2908
Serrano, Jimmy RP FLA	Free Agent	0.0	0	0	0	0	0	0	0	0	0	0	N/A	N/A	2909
Simmons, James J. RP OAK	Free Agent	0.0	0	0	0	0	0	0	0	0	0	0	N/A	N/A	2914
Sharpless, Josh RP PIT	Free Agent	0.0	0	0	0	0	0	0	0	0	0	0	N/A	N/A	2917
Bean, Colter RP ATL	Free Agent	0.0	0	0	0	0	0	0	0	0	0	0	N/A	N/A	2918
Haines, Talley RP BOS	Free Agent	0.0	0	0	0	0	0	0	0	0	0	0	N/A	N/A	2924
Norderum, Jason RP WAS	Free Agent	0.0	0	0	0	0	0	0	0	0	0	0	N/A	N/A	2929
Garate, Victor RP WAS	Free Agent	0.0	0	0	0	0	0	0	0	0	0	0	N/A	N/A	2935
Bucktrot, Keith RP PHI	Free Agent	0.0	0	0	0	0	0	0	0	0	0	0	N/A	N/A	2941
Young, Terrell RP CIN	Free Agent	0.0	0	0	0	0	0	0	0	0	0	0	N/A	N/A	2943
Gomez, Mariano RP ATL	Free Agent	0.0	0	0	0	0	0	0	0	0	0	0	N/A	N/A	2944
Whelan, Kevin RP NYY	Free Agent	0.0	0	0	0	0	0	0	0	0	0	0	N/A	N/A	2947
Barzilla, Philip RP SD	Free Agent	0.0	0	0	0	0	0	0	0	0	0	0	N/A	N/A	2952
Duff, Grant RP NYY	Free Agent	0.0	0	0	0	0	0	0	0	0	0	0	N/A	N/A	2955
Ruelas, Heriberto RP NYM	Free Agent	0.0	0	0	0	0	0	0	0	0	0	0	N/A	N/A	2958
Morris, Dallas RP ANA	Free Agent	0.0	0	0	0	0	0	0	0	0	0	0	N/A	N/A	2963
Kuwata, Masumi RP PIT	Free Agent	0.0	0	0	0	0	0	0	0	0	0	0	N/A	N/A	2971
Castillo, Fabio RP TEX 	Free Agent	0.0	0	0	0	0	0	0	0	0	0	0	N/A	N/A	2972
Thorpe, Tracy RP SEA	Free Agent	0.0	0	0	0	0	0	0	0	0	0	0	N/A	N/A	2974
Franco, Martire RP PHI	Free Agent	0.0	0	0	0	0	0	0	0	0	0	0	N/A	N/A	2975
Rustich, Brant RP NYM	Free Agent	0.0	0	0	0	0	0	0	0	0	0	0	N/A	N/A	2977
Littleton, Wes RP SEA	Free Agent	0.0	0	0	0	0	0	0	0	0	0	0	N/A	N/A	2981
Broshuis, Garrett RP SF	Free Agent	0.0	0	0	0	0	0	0	0	0	0	0	N/A	N/A	2988
Peterson, Matt RP FLA	Free Agent	0.0	0	0	0	0	0	0	0	0	0	0	N/A	N/A	2994
Perez, Marcelo RP DET	Free Agent	0.0	0	0	0	0	0	0	0	0	0	0	N/A	N/A	2997
Nall, Brandon RP NYM	Free Agent	0.0	0	0	0	0	0	0	0	0	0	0	N/A	N/A	3004
McGinley, Blake RP NYM	Free Agent	0.0	0	0	0	0	0	0	0	0	0	0	N/A	N/A	3007
Brothers, Rex RP COL	Free Agent	0.0	0	0	0	0	0	0	0	0	0	0	N/A	N/A	3009
Wassermann, Ehren RP PHI	Free Agent	0.0	0	0	0	0	0	0	0	0	0	0	N/A	N/A	3016
Ridgway, Jeff RP ATL	Free Agent	0.0	0	0	0	0	0	0	0	0	0	0	N/A	N/A	3017
Pope, Justin RP PHI	Free Agent	0.0	0	0	0	0	0	0	0	0	0	0	N/A	N/A	3020
Bowie, Micah RP COL	Free Agent	0.0	0	0	0	0	0	0	0	0	0	0	N/A	N/A	3021
Cromer, Jason RP TB	Free Agent	0.0	0	0	0	0	0	0	0	0	0	0	N/A	N/A	3023
Waechter, Doug RP KC	Free Agent	0.0	0	0	0	0	0	0	0	0	0	0	N/A	N/A	3033
Lara, Juan RP CLE	Free Agent	0.0	0	0	0	0	0	0	0	0	0	0	N/A	N/A	3040
Ramirez, Elizardo RP TEX	Free Agent	0.0	0	0	0	0	0	0	0	0	0	0	N/A	N/A	3043
Fields, Josh D. RP SEA	Free Agent	0.0	0	0	0	0	0	0	0	0	0	0	N/A	N/A	3045
Mallette, Brian RP PIT	Free Agent	0.0	0	0	0	0	0	0	0	0	0	0	N/A	N/A	3046
Bowyer, Travis RP FLA	Free Agent	0.0	0	0	0	0	0	0	0	0	0	0	N/A	N/A	3050
Jennings, Dan RP FLA	Free Agent	0.0	0	0	0	0	0	0	0	0	0	0	N/A	N/A	3051
Carter, Brenton RP SD	Free Agent	0.0	0	0	0	0	0	0	0	0	0	0	N/A	N/A	3052
Slocum, Brian RP PIT	Free Agent	0.0	0	0	0	0	0	0	0	0	0	0	N/A	N/A	3057
Seanez, Rudy RP ANA	Free Agent	0.0	0	0	0	0	0	0	0	0	0	0	N/A	N/A	3067
Judy, Josh RP CLE	Free Agent	0.0	0	0	0	0	0	0	0	0	0	0	N/A	N/A	3068
Miller, Matt J. RP PIT	Free Agent	0.0	0	0	0	0	0	0	0	0	0	0	N/A	N/A	3069
Bootcheck, Chris RP PIT	Free Agent	0.0	0	0	0	0	0	0	0	0	0	0	N/A	N/A	3071
Cullen, Ryan RP NYM	Free Agent	0.0	0	0	0	0	0	0	0	0	0	0	N/A	N/A	3072
Simons, Zach RP DET	Free Agent	0.0	0	0	0	0	0	0	0	0	0	0	N/A	N/A	3076
Carrasco, Hector RP PIT	Free Agent	0.0	0	0	0	0	0	0	0	0	0	0	N/A	N/A	3077
Rohlicek, Russel RP CHC	Free Agent	0.0	0	0	0	0	0	0	0	0	0	0	N/A	N/A	3080
Astacio, Ezequiel RP CHC	Free Agent	0.0	0	0	0	0	0	0	0	0	0	0	N/A	N/A	3086
Parise, Pete RP STL	Free Agent	0.0	0	0	0	0	0	0	0	0	0	0	N/A	N/A	3094
Calero, Kiko RP LA	Free Agent	0.0	0	0	0	0	0	0	0	0	0	0	N/A	N/A	3097
Bachanov, Jon RP ANA	Free Agent	0.0	0	0	0	0	0	0	0	0	0	0	N/A	N/A	3104
Walton, Sam RP STL	Free Agent	0.0	0	0	0	0	0	0	0	0	0	0	N/A	N/A	3109
Harikkala, Tim RP OAK	Free Agent	0.0	0	0	0	0	0	0	0	0	0	0	N/A	N/A	3112
Lambert, Chris RP BAL	Free Agent	0.0	0	0	0	0	0	0	0	0	0	0	N/A	N/A	3120
Gordon, Derrick RP OAK	Free Agent	0.0	0	0	0	0	0	0	0	0	0	0	N/A	N/A	3125
Wilkerson, George RP CIN	Free Agent	0.0	0	0	0	0	0	0	0	0	0	0	N/A	N/A	3128
Smith, Mike RP CHC	Free Agent	0.0	0	0	0	0	0	0	0	0	0	0	N/A	N/A	3130
Gardner, Michael RP SD	Free Agent	0.0	0	0	0	0	0	0	0	0	0	0	N/A	N/A	3137
Egan, Pat RP MIL 	Free Agent	0.0	0	0	0	0	0	0	0	0	0	0	N/A	N/A	3138
McClellan, Zach RP COL	Free Agent	0.0	0	0	0	0	0	0	0	0	0	0	N/A	N/A	3144
McBeth, Marcus RP OAK	Free Agent	0.0	0	0	0	0	0	0	0	0	0	0	N/A	N/A	3145
Roquet, Rocky RP CHC	Free Agent	0.0	0	0	0	0	0	0	0	0	0	0	N/A	N/A	3149
Novoa, Roberto RP BAL	Free Agent	0.0	0	0	0	0	0	0	0	0	0	0	N/A	N/A	3150
Guttormson, Rick RP SEA	Free Agent	0.0	0	0	0	0	0	0	0	0	0	0	N/A	N/A	3158
Brown, Andrew RP OAK	Free Agent	0.0	0	0	0	0	0	0	0	0	0	0	N/A	N/A	3160
Julio, Jorge RP PIT	Free Agent	0.0	0	0	0	0	0	0	0	0	0	0	N/A	N/A	3163
Hardy, Blaine P KC	Free Agent	0.0	0	0	0	0	0	0	0	0	0	0	N/A	N/A	3166
Cedeno, Juan RP DET	Free Agent	0.0	0	0	0	0	0	0	0	0	0	0	N/A	N/A	3167
Lueke, Josh RP SEA 	Free Agent	0.0	0	0	0	0	0	0	0	0	0	0	N/A	N/A	3172
Ellis, Jonathon RP SD	Free Agent	0.0	0	0	0	0	0	0	0	0	0	0	N/A	N/A	3174
McCrory, Bob RP BAL	Free Agent	0.0	0	0	0	0	0	0	0	0	0	0	N/A	N/A	3176
Eckert, Harold RP LA	Free Agent	0.0	0	0	0	0	0	0	0	0	0	0	N/A	N/A	3190
Mitchell, Andy RP BAL	Free Agent	0.0	0	0	0	0	0	0	0	0	0	0	N/A	N/A	3191
Davidson, Daniel RP ANA	Free Agent	0.0	0	0	0	0	0	0	0	0	0	0	N/A	N/A	3194
Cruceta, Francisco RP DET	Free Agent	0.0	0	0	0	0	0	0	0	0	0	0	N/A	N/A	3198
Carter, Anthony RP CHW	Free Agent	0.0	0	0	0	0	0	0	0	0	0	0	N/A	N/A	3201
Corcoran, Roy RP HOU	Free Agent	0.0	0	0	0	0	0	0	0	0	0	0	N/A	N/A	3202
Caminero, Arquimedes RP FLA	Free Agent	0.0	0	0	0	0	0	0	0	0	0	0	N/A	N/A	3205
Housman, Jeff RP MIL	Free Agent	0.0	0	0	0	0	0	0	0	0	0	0	N/A	N/A	3206
Pomeranz, Stuart RP COL	Free Agent	0.0	0	0	0	0	0	0	0	0	0	0	N/A	N/A	3207
Towers, Josh RP LA	Free Agent	0.0	0	0	0	0	0	0	0	0	0	0	N/A	N/A	3209
Timlin, Mike RP COL	Free Agent	0.0	0	0	0	0	0	0	0	0	0	0	N/A	N/A	3210
Santos, Arthur RP KC	Free Agent	0.0	0	0	0	0	0	0	0	0	0	0	N/A	N/A	3214
Ventura, Ronnie RP HOU	Free Agent	0.0	0	0	0	0	0	0	0	0	0	0	N/A	N/A	3216
Stockman, Phil RP ATL	Free Agent	0.0	0	0	0	0	0	0	0	0	0	0	N/A	N/A	3219
Jung, Sung RP ATL	Free Agent	0.0	0	0	0	0	0	0	0	0	0	0	N/A	N/A	3221
Ellis, Josh RP ARI	Free Agent	0.0	0	0	0	0	0	0	0	0	0	0	N/A	N/A	3224
Childress, Daylan RP MIN	Free Agent	0.0	0	0	0	0	0	0	0	0	0	0	N/A	N/A	3228
Ingram, Jesse RP TEX	Free Agent	0.0	0	0	0	0	0	0	0	0	0	0	N/A	N/A	3230
Carvajal, Marcos RP FLA	Free Agent	0.0	0	0	0	0	0	0	0	0	0	0	N/A	N/A	3232
Nall, T.J. RP WAS	Free Agent	0.0	0	0	0	0	0	0	0	0	0	0	N/A	N/A	3235
Cody, Christopher RP MIL	Free Agent	0.0	0	0	0	0	0	0	0	0	0	0	N/A	N/A	3240
Snyder, Kyle RP NYM	Free Agent	0.0	0	0	0	0	0	0	0	0	0	0	N/A	N/A	3242
Bennett, Jeff RP MIL	Free Agent	0.0	0	0	0	0	0	0	0	0	0	0	N/A	N/A	3243
Fiers, Michael RP MIL	Free Agent	0.0	0	0	0	0	0	0	0	0	0	0	N/A	N/A	3244
Arias, Wilkins RP NYY	Free Agent	0.0	0	0	0	0	0	0	0	0	0	0	N/A	N/A	3245
Ryu, Jae-Kuk RP SD	Free Agent	0.0	0	0	0	0	0	0	0	0	0	0	N/A	N/A	3246
Field, Nate RP FLA	Free Agent	0.0	0	0	0	0	0	0	0	0	0	0	N/A	N/A	3250
Bradford, Chad RP TB	Free Agent	0.0	0	0	0	0	0	0	0	0	0	0	N/A	N/A	3253
Dillard, Tim RP MIL 	Free Agent	0.0	0	0	0	0	0	0	0	0	0	0	N/A	N/A	3255
Cyr, Eric RP TEX	Free Agent	0.0	0	0	0	0	0	0	0	0	0	0	N/A	N/A	3257
Beltran, Francis RP SF	Free Agent	0.0	0	0	0	0	0	0	0	0	0	0	N/A	N/A	3265
Lamura, B.J. P TOR	Free Agent	0.0	0	0	0	0	0	0	0	0	0	0	N/A	N/A	3267
Bryson, Robert RP CLE	Free Agent	0.0	0	0	0	0	0	0	0	0	0	0	N/A	N/A	3268
Rosario, Francisco A. RP KC	Free Agent	0.0	0	0	0	0	0	0	0	0	0	0	N/A	N/A	3270
Munter, Scott RP SD	Free Agent	0.0	0	0	0	0	0	0	0	0	0	0	N/A	N/A	3271
Kimball, Cole RP WAS	Free Agent	0.0	0	0	0	0	0	0	0	0	0	0	N/A	N/A	3273
Scribner, Evan RP SD	Free Agent	0.0	0	0	0	0	0	0	0	0	0	0	N/A	N/A	3275
Merricks, Matt RP COL	Free Agent	0.0	0	0	0	0	0	0	0	0	0	0	N/A	N/A	3276
Gracesqui, Franklyn RP BAL	Free Agent	0.0	0	0	0	0	0	0	0	0	0	0	N/A	N/A	3279
Reed, Brian RP TOR	Free Agent	0.0	0	0	0	0	0	0	0	0	0	0	N/A	N/A	3283
Birkins, Kurt RP COL	Free Agent	0.0	0	0	0	0	0	0	0	0	0	0	N/A	N/A	3289
Lo, Chia-Jen RP HOU	Free Agent	0.0	0	0	0	0	0	0	0	0	0	0	N/A	N/A	3292
Flannery, Michael RP CIN	Free Agent	0.0	0	0	0	0	0	0	0	0	0	0	N/A	N/A	3293
Flinn, Chris RP TB	Free Agent	0.0	0	0	0	0	0	0	0	0	0	0	N/A	N/A	3294
Hinton, Robert RP MIL	Free Agent	0.0	0	0	0	0	0	0	0	0	0	0	N/A	N/A	3304
Cox, J.B. RP NYY	Free Agent	0.0	0	0	0	0	0	0	0	0	0	0	N/A	N/A	3305
Perez, Oneli RP STL	Free Agent	0.0	0	0	0	0	0	0	0	0	0	0	N/A	N/A	3309
Kometani, Paul RP TEX	Free Agent	0.0	0	0	0	0	0	0	0	0	0	0	N/A	N/A	3311
Schmidt, Joshua RP NYY	Free Agent	0.0	0	0	0	0	0	0	0	0	0	0	N/A	N/A	3312
Wordekemper, Eric RP NYY	Free Agent	0.0	0	0	0	0	0	0	0	0	0	0	N/A	N/A	3314
Schroder, Chris RP FLA	Free Agent	0.0	0	0	0	0	0	0	0	0	0	0	N/A	N/A	3316
Shouse, Brian RP TB	Free Agent	0.0	0	0	0	0	0	0	0	0	0	0	N/A	N/A	3323
Quezada, Elvys RP NYY	Free Agent	0.0	0	0	0	0	0	0	0	0	0	0	N/A	N/A	3326
Castellanos, Jonathan RP ARI	Free Agent	0.0	0	0	0	0	0	0	0	0	0	0	N/A	N/A	3328
Villalona, Bryan RP NYY	Free Agent	0.0	0	0	0	0	0	0	0	0	0	0	N/A	N/A	3342
Corcoran, Tim RP LA	Free Agent	0.0	0	0	0	0	0	0	0	0	0	0	N/A	N/A	3343
Hansen, Craig RP PIT	Free Agent	0.0	0	0	0	0	0	0	0	0	0	0	N/A	N/A	3345
Adkins, Jon RP CHW	Free Agent	0.0	0	0	0	0	0	0	0	0	0	0	N/A	N/A	3349
Bright, Adam RP COL	Free Agent	0.0	0	0	0	0	0	0	0	0	0	0	N/A	N/A	3350
Brocail, Doug RP HOU	Free Agent	0.0	0	0	0	0	0	0	0	0	0	0	N/A	N/A	3351
Boothe, Robert RP LA	Free Agent	0.0	0	0	0	0	0	0	0	0	0	0	N/A	N/A	3355
Rouwenhorst, Jonathon RP ATL	Free Agent	0.0	0	0	0	0	0	0	0	0	0	0	N/A	N/A	3363
Batista, Kendy RP TEX	Free Agent	0.0	0	0	0	0	0	0	0	0	0	0	N/A	N/A	3370
Thorne, David RP BOS	Free Agent	0.0	0	0	0	0	0	0	0	0	0	0	N/A	N/A	3371
Aselton, Kyle RP MIN	Free Agent	0.0	0	0	0	0	0	0	0	0	0	0	N/A	N/A	3373
Sawatski, Jay RP MIN	Free Agent	0.0	0	0	0	0	0	0	0	0	0	0	N/A	N/A	3374
Bumstead, Mike RP TEX	Free Agent	0.0	0	0	0	0	0	0	0	0	0	0	N/A	N/A	3377
Pollok, Dwayne RP LA	Free Agent	0.0	0	0	0	0	0	0	0	0	0	0	N/A	N/A	3378
Campillo, Jorge RP KC	Free Agent	0.0	0	0	0	0	0	0	0	0	0	0	N/A	N/A	3379
Wilkinson, Matthew RP ARI	Free Agent	0.0	0	0	0	0	0	0	0	0	0	0	N/A	N/A	3382
Bittner, Tim RP ANA	Free Agent	0.0	0	0	0	0	0	0	0	0	0	0	N/A	N/A	3385
Santiago, Tomas RP COL	Free Agent	0.0	0	0	0	0	0	0	0	0	0	0	N/A	N/A	3395
Davis, Jason T. RP PIT	Free Agent	0.0	0	0	0	0	0	0	0	0	0	0	N/A	N/A	3396
Walker, Jamie RP BAL	Free Agent	0.0	0	0	0	0	0	0	0	0	0	0	N/A	N/A	3402
Bajenaru, Jeff RP ARI	Free Agent	0.0	0	0	0	0	0	0	0	0	0	0	N/A	N/A	3405
Keppel, Bobby RP MIN	Free Agent	0.0	0	0	0	0	0	0	0	0	0	0	N/A	N/A	3410
Hansack, Devern RP BOS	Free Agent	0.0	0	0	0	0	0	0	0	0	0	0	N/A	N/A	3412
Muegge, Danny RP LA	Free Agent	0.0	0	0	0	0	0	0	0	0	0	0	N/A	N/A	3414
Urckfitz, Patrick P HOU	Free Agent	0.0	0	0	0	0	0	0	0	0	0	0	N/A	N/A	3421
Rodriguez, Jose A. RP HOU	Free Agent	0.0	0	0	0	0	0	0	0	0	0	0	N/A	N/A	3423
Burnside, Adrian RP SD	Free Agent	0.0	0	0	0	0	0	0	0	0	0	0	N/A	N/A	3424
Barrett, Ricky RP MIN	Free Agent	0.0	0	0	0	0	0	0	0	0	0	0	N/A	N/A	3425
Abraham, Paul RP SD	Free Agent	0.0	0	0	0	0	0	0	0	0	0	0	N/A	N/A	3428
Giese, Dan RP OAK	Free Agent	0.0	0	0	0	0	0	0	0	0	0	0	N/A	N/A	3429
Wells, Jared RP SEA	Free Agent	0.0	0	0	0	0	0	0	0	0	0	0	N/A	N/A	3430
Voss, Jay RP DET	Free Agent	0.0	0	0	0	0	0	0	0	0	0	0	N/A	N/A	3438
Cortes, David RP SF	Free Agent	0.0	0	0	0	0	0	0	0	0	0	0	N/A	N/A	3448
Darrow, Rudy RP ATL	Free Agent	0.0	0	0	0	0	0	0	0	0	0	0	N/A	N/A	3450
Flores, Ron RP CIN	Free Agent	0.0	0	0	0	0	0	0	0	0	0	0	N/A	N/A	3452
Ortega, Yonata RP ARI	Free Agent	0.0	0	0	0	0	0	0	0	0	0	0	N/A	N/A	3456
Desgue, Fernando RP LA	Free Agent	0.0	0	0	0	0	0	0	0	0	0	0	N/A	N/A	3457
Coutlangus, Jon RP ARI	Free Agent	0.0	0	0	0	0	0	0	0	0	0	0	N/A	N/A	3460
Leon, Arcenio RP HOU	Free Agent	0.0	0	0	0	0	0	0	0	0	0	0	N/A	N/A	3469
Layne, Tommy RP ARI	Free Agent	0.0	0	0	0	0	0	0	0	0	0	0	N/A	N/A	3473
Swindle, R.J. RP TB	Free Agent	0.0	0	0	0	0	0	0	0	0	0	0	N/A	N/A	3476
Munoz, Arnie RP WAS	Free Agent	0.0	0	0	0	0	0	0	0	0	0	0	N/A	N/A	3483
Korecky, Bobby RP ANA	Free Agent	0.0	0	0	0	0	0	0	0	0	0	0	N/A	N/A	3486
Austen, David RP ANA	Free Agent	0.0	0	0	0	0	0	0	0	0	0	0	N/A	N/A	3487
Thomas, Daniel RP OAK	Free Agent	0.0	0	0	0	0	0	0	0	0	0	0	N/A	N/A	3488
Marshall, Jay RP OAK	Free Agent	0.0	0	0	0	0	0	0	0	0	0	0	N/A	N/A	3493
Rosen, Mark RP ARI	Free Agent	0.0	0	0	0	0	0	0	0	0	0	0	N/A	N/A	3496
Astacio, Olivo RP PIT	Free Agent	0.0	0	0	0	0	0	0	0	0	0	0	N/A	N/A	3497
Herron, Tyler RP STL	Free Agent	0.0	0	0	0	0	0	0	0	0	0	0	N/A	N/A	3498
Zerpa, Armando RP BOS	Free Agent	0.0	0	0	0	0	0	0	0	0	0	0	N/A	N/A	3501
Hacker, Eric RP SF	Free Agent	0.0	0	0	0	0	0	0	0	0	0	0	N/A	N/A	3502
Pearson, Jason RP BAL	Free Agent	0.0	0	0	0	0	0	0	0	0	0	0	N/A	N/A	3505
Miller, Jim RP BAL	Free Agent	0.0	0	0	0	0	0	0	0	0	0	0	N/A	N/A	3511
Rosenberg, Brian RP PHI	Free Agent	0.0	0	0	0	0	0	0	0	0	0	0	N/A	N/A	3512
Birtwell, John RP DET	Free Agent	0.0	0	0	0	0	0	0	0	0	0	0	N/A	N/A	3513
Jennings, Jason RP OAK	Free Agent	0.0	0	0	0	0	0	0	0	0	0	0	N/A	N/A	3515
Frontz, Neal RP TB	Free Agent	0.0	0	0	0	0	0	0	0	0	0	0	N/A	N/A	3517
Sartor, Matthew RP LA	Free Agent	0.0	0	0	0	0	0	0	0	0	0	0	N/A	N/A	3523
Doyle, Jared RP ARI	Free Agent	0.0	0	0	0	0	0	0	0	0	0	0	N/A	N/A	3526
Harker, Brett RP FLA	Free Agent	0.0	0	0	0	0	0	0	0	0	0	0	N/A	N/A	3528
Van Buren, Jermaine RP WAS	Free Agent	0.0	0	0	0	0	0	0	0	0	0	0	N/A	N/A	3529
Hornbeck, Ben P OAK	Free Agent	0.0	0	0	0	0	0	0	0	0	0	0	N/A	N/A	3531
Bale, John RP KC	Free Agent	0.0	0	0	0	0	0	0	0	0	0	0	N/A	N/A	3536
Shell, Steven RP SEA	Free Agent	0.0	0	0	0	0	0	0	0	0	0	0	N/A	N/A	3551
Stemle, Steve RP KC	Free Agent	0.0	0	0	0	0	0	0	0	0	0	0	N/A	N/A	3552
Collins, Tim RP KC	Free Agent	0.0	0	0	0	0	0	0	0	0	0	0	N/A	N/A	3555
Bray, Steve RP SEA	Free Agent	0.0	0	0	0	0	0	0	0	0	0	0	N/A	N/A	3559
Pena, Tony F. RP SF	Free Agent	0.0	0	0	0	0	0	0	0	0	0	0	N/A	N/A	3562
Villone, Ron RP WAS	Free Agent	0.0	0	0	0	0	0	0	0	0	0	0	N/A	N/A	3565
Sturge, Justin RP BOS	Free Agent	0.0	0	0	0	0	0	0	0	0	0	0	N/A	N/A	3568
Kleine, Victor RP CLE	Free Agent	0.0	0	0	0	0	0	0	0	0	0	0	N/A	N/A	3570
Andrade, Steve RP TB	Free Agent	0.0	0	0	0	0	0	0	0	0	0	0	N/A	N/A	3573
Walker, Andrew RP TEX	Free Agent	0.0	0	0	0	0	0	0	0	0	0	0	N/A	N/A	3574
Farina, Alan RP TOR	Free Agent	0.0	0	0	0	0	0	0	0	0	0	0	N/A	N/A	3575
Martinez, Carlos RP FLA	Free Agent	0.0	0	0	0	0	0	0	0	0	0	0	N/A	N/A	3580
Bastardo, Alberto RP LA	Free Agent	0.0	0	0	0	0	0	0	0	0	0	0	N/A	N/A	3583
Burgos, Ambiorix RP NYM	Free Agent	0.0	0	0	0	0	0	0	0	0	0	0	N/A	N/A	3587
Lopez, Aquilino RP DET	Free Agent	0.0	0	0	0	0	0	0	0	0	0	0	N/A	N/A	3594
Puffer, Brandon RP SF	Free Agent	0.0	0	0	0	0	0	0	0	0	0	0	N/A	N/A	3595
Schultz, Mike RP ARI	Free Agent	0.0	0	0	0	0	0	0	0	0	0	0	N/A	N/A	3601
Anderson, Brian RP NYY 	Free Agent	0.0	0	0	0	0	0	0	0	0	0	0	N/A	N/A	3602
Valdez, Eddy RP COL	Free Agent	0.0	0	0	0	0	0	0	0	0	0	0	N/A	N/A	3603
Mahon, Reid RP ARI	Free Agent	0.0	0	0	0	0	0	0	0	0	0	0	N/A	N/A	3605
Lugo, Ruddy RP DET	Free Agent	0.0	0	0	0	0	0	0	0	0	0	0	N/A	N/A	3609
Vizcaino, Luis RP CLE 	Free Agent	0.0	0	0	0	0	0	0	0	0	0	0	N/A	N/A	3610
Graham, Andrew RP COL	Free Agent	0.0	0	0	0	0	0	0	0	0	0	0	N/A	N/A	3612
Stutes, Kyle RP SD	Free Agent	0.0	0	0	0	0	0	0	0	0	0	0	N/A	N/A	3617
Driskill, Travis RP HOU	Free Agent	0.0	0	0	0	0	0	0	0	0	0	0	N/A	N/A	3618
Martin, Tom RP NYM	Free Agent	0.0	0	0	0	0	0	0	0	0	0	0	N/A	N/A	3621
Otero, Daniel RP SF	Free Agent	0.0	0	0	0	0	0	0	0	0	0	0	N/A	N/A	3631
Megrew, Mike RP SD	Free Agent	0.0	0	0	0	0	0	0	0	0	0	0	N/A	N/A	3634
Switzer, Jon RP NYM	Free Agent	0.0	0	0	0	0	0	0	0	0	0	0	N/A	N/A	3638
McBride, Macay RP DET	Free Agent	0.0	0	0	0	0	0	0	0	0	0	0	N/A	N/A	3640
Buzachero, Bubbie RP TOR	Free Agent	0.0	0	0	0	0	0	0	0	0	0	0	N/A	N/A	3641
Baker, Brad RP ATL	Free Agent	0.0	0	0	0	0	0	0	0	0	0	0	N/A	N/A	3642
Buschmann, Matt RP SD	Free Agent	0.0	0	0	0	0	0	0	0	0	0	0	N/A	N/A	3650
Garceau, Shaun RP STL	Free Agent	0.0	0	0	0	0	0	0	0	0	0	0	N/A	N/A	3651
Estrada, Paul RP HOU	Free Agent	0.0	0	0	0	0	0	0	0	0	0	0	N/A	N/A	3654
Browning, Barret RP ANA	Free Agent	0.0	0	0	0	0	0	0	0	0	0	0	N/A	N/A	3655
Meque, Jacobo RP LA	Free Agent	0.0	0	0	0	0	0	0	0	0	0	0	N/A	N/A	3658
Muyco, Dionisio P CHC	Free Agent	0.0	0	0	0	0	0	0	0	0	0	0	N/A	N/A	3672
Bernero, Adam RP PIT	Free Agent	0.0	0	0	0	0	0	0	0	0	0	0	N/A	N/A	3676
Shafer, David RP CIN	Free Agent	0.0	0	0	0	0	0	0	0	0	0	0	N/A	N/A	3690
Trubee, Luke RP NYY	Free Agent	0.0	0	0	0	0	0	0	0	0	0	0	N/A	N/A	3691
Cassidy, Scott RP MIL	Free Agent	0.0	0	0	0	0	0	0	0	0	0	0	N/A	N/A	3695
Crouthers, Dave RP CHC	Free Agent	0.0	0	0	0	0	0	0	0	0	0	0	N/A	N/A	3698
Rodriguez, Derek RP CHW	Free Agent	0.0	0	0	0	0	0	0	0	0	0	0	N/A	N/A	3700
Bumatay, Mike RP BOS	Free Agent	0.0	0	0	0	0	0	0	0	0	0	0	N/A	N/A	3704
Meaux, Ryan RP SF	Free Agent	0.0	0	0	0	0	0	0	0	0	0	0	N/A	N/A	3715
Orvella, Chad RP ANA	Free Agent	0.0	0	0	0	0	0	0	0	0	0	0	N/A	N/A	3718
Bailey, Cory RP CHC	Free Agent	0.0	0	0	0	0	0	0	0	0	0	0	N/A	N/A	3721
Sequea, Jacobo RP WAS	Free Agent	0.0	0	0	0	0	0	0	0	0	0	0	N/A	N/A	3726
Stanczyk, Ben RP MIL	Free Agent	0.0	0	0	0	0	0	0	0	0	0	0	N/A	N/A	3730
Holdzkom, Lincoln RP BOS	Free Agent	0.0	0	0	0	0	0	0	0	0	0	0	N/A	N/A	3733
Childers, Jason RP TB	Free Agent	0.0	0	0	0	0	0	0	0	0	0	0	N/A	N/A	3735
Ward, Zachary RP MIN	Free Agent	0.0	0	0	0	0	0	0	0	0	0	0	N/A	N/A	3738
Chulk, Vinnie RP PIT 	Free Agent	0.0	0	0	0	0	0	0	0	0	0	0	N/A	N/A	3751
Hill, Danny RP TOR	Free Agent	0.0	0	0	0	0	0	0	0	0	0	0	N/A	N/A	3754
Perkins, Vince RP CHC	Free Agent	0.0	0	0	0	0	0	0	0	0	0	0	N/A	N/A	3757
Maestri, Alessandro RP CHC	Free Agent	0.0	0	0	0	0	0	0	0	0	0	0	N/A	N/A	3759
Bierd, Randor RP BOS	Free Agent	0.0	0	0	0	0	0	0	0	0	0	0	N/A	N/A	3773
Kim, Byung-Hyun RP SF	Free Agent	0.0	0	0	0	0	0	0	0	0	0	0	N/A	N/A	3774
Zimmermann, Bob RP ANA	Free Agent	0.0	0	0	0	0	0	0	0	0	0	0	N/A	N/A	3775
Journell, Jimmy RP CIN	Free Agent	0.0	0	0	0	0	0	0	0	0	0	0	N/A	N/A	3780
Reynoso, Paulino RP CHW	Free Agent	0.0	0	0	0	0	0	0	0	0	0	0	N/A	N/A	3781
Lentz, Richard RP BOS	Free Agent	0.0	0	0	0	0	0	0	0	0	0	0	N/A	N/A	3783
Putnam, Zach RP CLE	Free Agent	0.0	0	0	0	0	0	0	0	0	0	0	N/A	N/A	3793
Gallo, Mike D. RP TOR	Free Agent	0.0	0	0	0	0	0	0	0	0	0	0	N/A	N/A	3794
Sues, Jeff RP CHW	Free Agent	0.0	0	0	0	0	0	0	0	0	0	0	N/A	N/A	3795
Johnson, Nathan RP PHI	Free Agent	0.0	0	0	0	0	0	0	0	0	0	0	N/A	N/A	3799
Kemp, Beau RP TOR	Free Agent	0.0	0	0	0	0	0	0	0	0	0	0	N/A	N/A	3803
Kahn, Stephen RP SEA	Free Agent	0.0	0	0	0	0	0	0	0	0	0	0	N/A	N/A	3804
Johnson, David RP MIL	Free Agent	0.0	0	0	0	0	0	0	0	0	0	0	N/A	N/A	3807
Bueno, Francisley RP ATL	Free Agent	0.0	0	0	0	0	0	0	0	0	0	0	N/A	N/A	3810
Morillo, Juan RP MIN	Free Agent	0.0	0	0	0	0	0	0	0	0	0	0	N/A	N/A	3812
Saarloos, Kirk RP CLE	Free Agent	0.0	0	0	0	0	0	0	0	0	0	0	N/A	N/A	3813
Gwyn, Marcus RP FLA	Free Agent	0.0	0	0	0	0	0	0	0	0	0	0	N/A	N/A	3814
Kown, Andrew RP WAS	Free Agent	0.0	0	0	0	0	0	0	0	0	0	0	N/A	N/A	3816
Isenberg, Kurt RP SD	Free Agent	0.0	0	0	0	0	0	0	0	0	0	0	N/A	N/A	3822
Santos, Victor RP SF	Free Agent	0.0	0	0	0	0	0	0	0	0	0	0	N/A	N/A	3826
Heyer, Craig RP NYY	Free Agent	0.0	0	0	0	0	0	0	0	0	0	0	N/A	N/A	3830
Jones, Greg RP LA	Free Agent	0.0	0	0	0	0	0	0	0	0	0	0	N/A	N/A	3831
Barbara, Michael RP TOR	Free Agent	0.0	0	0	0	0	0	0	0	0	0	0	N/A	N/A	3833
Smit, Alexander RP CIN	Free Agent	0.0	0	0	0	0	0	0	0	0	0	0	N/A	N/A	3836
Espineli, Geno M. RP SF 	Free Agent	0.0	0	0	0	0	0	0	0	0	0	0	N/A	N/A	3849
Nelson, Brad RP ATL	Free Agent	0.0	0	0	0	0	0	0	0	0	0	0	N/A	N/A	3854
Miller, Jason RP MIN	Free Agent	0.0	0	0	0	0	0	0	0	0	0	0	N/A	N/A	3855
Day, Dewon RP OAK	Free Agent	0.0	0	0	0	0	0	0	0	0	0	0	N/A	N/A	3859
Sharpe, Steven RP OAK	Free Agent	0.0	0	0	0	0	0	0	0	0	0	0	N/A	N/A	3862
Romero, Felix RP SF	Free Agent	0.0	0	0	0	0	0	0	0	0	0	0	N/A	N/A	3865
Choi, Hyang-Nam RP LA	Free Agent	0.0	0	0	0	0	0	0	0	0	0	0	N/A	N/A	3866
Tamayo, Ignacio RP KC	Free Agent	0.0	0	0	0	0	0	0	0	0	0	0	N/A	N/A	3871
Elliott, Matthew RP ARI	Free Agent	0.0	0	0	0	0	0	0	0	0	0	0	N/A	N/A	3875
Gagne, Eric RP LA	Free Agent	0.0	0	0	0	0	0	0	0	0	0	0	N/A	N/A	3876
Montero, Oscar RP SF	Free Agent	0.0	0	0	0	0	0	0	0	0	0	0	N/A	N/A	3878
Hunter, Brett RP OAK	Free Agent	0.0	0	0	0	0	0	0	0	0	0	0	N/A	N/A	3884
Kinsey, Christopher RP ARI	Free Agent	0.0	0	0	0	0	0	0	0	0	0	0	N/A	N/A	3886
O'Connor, Brian P. RP ATL	Free Agent	0.0	0	0	0	0	0	0	0	0	0	0	N/A	N/A	3889
Nageotte, Clint RP NYM	Disco Bush Horticulturists	0.0	0	0	0	0	0	0	0	0	0	0	N/A	N/A	3890
Weathers, Casey RP COL	Free Agent	0.0	0	0	0	0	0	0	0	0	0	0	N/A	N/A	3892
Large, Terry RP BOS	Free Agent	0.0	0	0	0	0	0	0	0	0	0	0	N/A	N/A	3895
Carlyle, Buddy RP NYY 	Free Agent	0.0	0	0	0	0	0	0	0	0	0	0	N/A	N/A	3896
Fiske, Justin RP STL	Free Agent	0.0	0	0	0	0	0	0	0	0	0	0	N/A	N/A	3898
Matos, Osiris RP SF	Free Agent	0.0	0	0	0	0	0	0	0	0	0	0	N/A	N/A	3901
Mackintosh, Jason RP PHI	Free Agent	0.0	0	0	0	0	0	0	0	0	0	0	N/A	N/A	3903
DeBarr, Nick RP LA	Free Agent	0.0	0	0	0	0	0	0	0	0	0	0	N/A	N/A	3916
Corey, Mark RP NYY	Free Agent	0.0	0	0	0	0	0	0	0	0	0	0	N/A	N/A	3922
Stark, Denny RP SEA	Free Agent	0.0	0	0	0	0	0	0	0	0	0	0	N/A	N/A	3923
De Leon, Jorge RP HOU	Free Agent	0.0	0	0	0	0	0	0	0	0	0	0	N/A	N/A	3927
Lopez, Arturo A. RP NYM	Free Agent	0.0	0	0	0	0	0	0	0	0	0	0	N/A	N/A	3928
Plummer, Jarod RP KC	Free Agent	0.0	0	0	0	0	0	0	0	0	0	0	N/A	N/A	3929
Falkenborg, Brian RP SD	Free Agent	0.0	0	0	0	0	0	0	0	0	0	0	N/A	N/A	3930
Perez, Juan RP PHI	Free Agent	0.0	0	0	0	0	0	0	0	0	0	0	N/A	N/A	3934
Martinez, Michael RP NYY	Free Agent	0.0	0	0	0	0	0	0	0	0	0	0	N/A	N/A	3935
Harrington, Matt RP CHC	Free Agent	0.0	0	0	0	0	0	0	0	0	0	0	N/A	N/A	3936
Hall, Bo RP NYY	Free Agent	0.0	0	0	0	0	0	0	0	0	0	0	N/A	N/A	3943
Zaleski, Matt RP CHW	Free Agent	0.0	0	0	0	0	0	0	0	0	0	0	N/A	N/A	3945
Woodard, Robert RP SD	Free Agent	0.0	0	0	0	0	0	0	0	0	0	0	N/A	N/A	3950
Deschenes, Marc RP BOS	Free Agent	0.0	0	0	0	0	0	0	0	0	0	0	N/A	N/A	3968
Friend, Justin P OAK	Free Agent	0.0	0	0	0	0	0	0	0	0	0	0	N/A	N/A	3969
Guardado, Eddie RP TEX	Free Agent	0.0	0	0	0	0	0	0	0	0	0	0	N/A	N/A	3971
Powell, Jeremy RP PIT	Free Agent	0.0	0	0	0	0	0	0	0	0	0	0	N/A	N/A	3973
Serrano, Alex RP ANA	Free Agent	0.0	0	0	0	0	0	0	0	0	0	0	N/A	N/A	3979
Pena, Luis RP SEA	Free Agent	0.0	0	0	0	0	0	0	0	0	0	0	N/A	N/A	3983
Wood, Mike RP FLA	Free Agent	0.0	0	0	0	0	0	0	0	0	0	0	N/A	N/A	3984
Tateyama, Yoshinori RP TEX 	Free Agent	0.0	0	0	0	0	0	0	0	0	0	0	N/A	N/A	3985
Vasquez, Jorge RP NYM	Free Agent	0.0	0	0	0	0	0	0	0	0	0	0	N/A	N/A	3989
Oyervidez, Jose RP SD	Free Agent	0.0	0	0	0	0	0	0	0	0	0	0	N/A	N/A	3993
Powers, Daniel RP MIN	Free Agent	0.0	0	0	0	0	0	0	0	0	0	0	N/A	N/A	3995
Benacka, Mike P OAK	Free Agent	0.0	0	0	0	0	0	0	0	0	0	0	N/A	N/A	3997
Villafuerte, Brandon RP SF	Free Agent	0.0	0	0	0	0	0	0	0	0	0	0	N/A	N/A	4000
Foster, John RP KC	Free Agent	0.0	0	0	0	0	0	0	0	0	0	0	N/A	N/A	4003
Asadoorian, Rick RP LA	Free Agent	0.0	0	0	0	0	0	0	0	0	0	0	N/A	N/A	4007
Carter, Lance RP TOR	Free Agent	0.0	0	0	0	0	0	0	0	0	0	0	N/A	N/A	4009
Freed, Mark RP ARI	Free Agent	0.0	0	0	0	0	0	0	0	0	0	0	N/A	N/A	4011
Torres, Joe RP CHW	Free Agent	0.0	0	0	0	0	0	0	0	0	0	0	N/A	N/A	4013
Snyder, Jason RP SEA	Free Agent	0.0	0	0	0	0	0	0	0	0	0	0	N/A	N/A	4015
Ayala, Luis RP ARI	Free Agent	0.0	0	0	0	0	0	0	0	0	0	0	N/A	N/A	4016
Corley, Tyson RP CHW	Free Agent	0.0	0	0	0	0	0	0	0	0	0	0	N/A	N/A	4021
Randolph, Stephen RP KC	Free Agent	0.0	0	0	0	0	0	0	0	0	0	0	N/A	N/A	4027
Scherer, Matt RP STL	Free Agent	0.0	0	0	0	0	0	0	0	0	0	0	N/A	N/A	4032
Speier, Ryan RP WAS	Free Agent	0.0	0	0	0	0	0	0	0	0	0	0	N/A	N/A	4033
Aguilar, Omar RP CLE	Free Agent	0.0	0	0	0	0	0	0	0	0	0	0	N/A	N/A	4038
Gomes, Brandon RP TB 	Free Agent	0.0	0	0	0	0	0	0	0	0	0	0	N/A	N/A	4044
Doyne, Cory RP WAS	Free Agent	0.0	0	0	0	0	0	0	0	0	0	0	N/A	N/A	4047
DeHoyos, Gabe RP ANA	Free Agent	0.0	0	0	0	0	0	0	0	0	0	0	N/A	N/A	4049
Paterson, Joe RP ARI 	Free Agent	0.0	0	0	0	0	0	0	0	0	0	0	N/A	N/A	4050
Lahey, Tim RP PHI	Free Agent	0.0	0	0	0	0	0	0	0	0	0	0	N/A	N/A	4056
Eyre, Willie RP OAK 	Free Agent	0.0	0	0	0	0	0	0	0	0	0	0	N/A	N/A	4057
Urdaneta, Lino RP NYM	Free Agent	0.0	0	0	0	0	0	0	0	0	0	0	N/A	N/A	4060
Jones, Geoff RP CHC	Free Agent	0.0	0	0	0	0	0	0	0	0	0	0	N/A	N/A	4062
Dove, Dennis RP STL	Free Agent	0.0	0	0	0	0	0	0	0	0	0	0	N/A	N/A	4064
Diaz, Joselo RP TEX	Free Agent	0.0	0	0	0	0	0	0	0	0	0	0	N/A	N/A	4065
Pinango, Miguel RP LA	Free Agent	0.0	0	0	0	0	0	0	0	0	0	0	N/A	N/A	4066
Petrick, Billy RP CHC	Free Agent	0.0	0	0	0	0	0	0	0	0	0	0	N/A	N/A	4067
Medlock, Calvin RP TB	Free Agent	0.0	0	0	0	0	0	0	0	0	0	0	N/A	N/A	4071
Hinckley, Michael RP TOR 	Free Agent	0.0	0	0	0	0	0	0	0	0	0	0	N/A	N/A	4072
Axelrod, Dylan RP CHW	Free Agent	0.0	0	0	0	0	0	0	0	0	0	0	N/A	N/A	4076
Demaria, Chris N. RP MIL	Free Agent	0.0	0	0	0	0	0	0	0	0	0	0	N/A	N/A	4082
Lopez, Gonzalo RP ATL	Free Agent	0.0	0	0	0	0	0	0	0	0	0	0	N/A	N/A	4085
Kohn, Shawn RP OAK	Free Agent	0.0	0	0	0	0	0	0	0	0	0	0	N/A	N/A	4091
Tabor, Ronald P CIN	Free Agent	0.0	0	0	0	0	0	0	0	0	0	0	N/A	N/A	4100
Rosario, Adrian RP BAL 	Free Agent	0.0	0	0	0	0	0	0	0	0	0	0	N/A	N/A	4107
Gonzalez, Miguel A. RP BOS	Free Agent	0.0	0	0	0	0	0	0	0	0	0	0	N/A	N/A	4108
McBryde, Jeremy RP SD	Free Agent	0.0	0	0	0	0	0	0	0	0	0	0	N/A	N/A	4110
Hernandez, Yoel RP PHI	Free Agent	0.0	0	0	0	0	0	0	0	0	0	0	N/A	N/A	4115
Speigner, Levale RP SEA	Free Agent	0.0	0	0	0	0	0	0	0	0	0	0	N/A	N/A	4116
Newman, Josh RP KC	Free Agent	0.0	0	0	0	0	0	0	0	0	0	0	N/A	N/A	4117
Maldonado, Ivan RP NYM	Free Agent	0.0	0	0	0	0	0	0	0	0	0	0	N/A	N/A	4118
Roehl, Scott RP CLE	Free Agent	0.0	0	0	0	0	0	0	0	0	0	0	N/A	N/A	4121
Gerbe, Jeff RP DET	Free Agent	0.0	0	0	0	0	0	0	0	0	0	0	N/A	N/A	4122
Webber, Nicholas RP STL	Free Agent	0.0	0	0	0	0	0	0	0	0	0	0	N/A	N/A	4123
Carr, Adam RP WAS	Free Agent	0.0	0	0	0	0	0	0	0	0	0	0	N/A	N/A	4124
Vermilyea, Jamie RP TOR	Free Agent	0.0	0	0	0	0	0	0	0	0	0	0	N/A	N/A	4128
Manning, Charlie RP STL	Free Agent	0.0	0	0	0	0	0	0	0	0	0	0	N/A	N/A	4129
Cotts, Neal RP NYY 	Free Agent	0.0	0	0	0	0	0	0	0	0	0	0	N/A	N/A	4131
Abbott, James RP MIN	Free Agent	0.0	0	0	0	0	0	0	0	0	0	0	N/A	N/A	4142
Kester, Tim RP BOS	Free Agent	0.0	0	0	0	0	0	0	0	0	0	0	N/A	N/A	4143
Johnston, Mike RP SD	Free Agent	0.0	0	0	0	0	0	0	0	0	0	0	N/A	N/A	4146
Santiago, Hector RP CHW	Free Agent	0.0	0	0	0	0	0	0	0	0	0	0	N/A	N/A	4158
Stertzbach, Von RP ANA	Free Agent	0.0	0	0	0	0	0	0	0	0	0	0	N/A	N/A	4164
Bradley, Bobby RP PIT	Free Agent	0.0	0	0	0	0	0	0	0	0	0	0	N/A	N/A	4167
McCormick, Mark RP STL	Free Agent	0.0	0	0	0	0	0	0	0	0	0	0	N/A	N/A	4168
DiFelice, Mark RP MIL	Free Agent	0.0	0	0	0	0	0	0	0	0	0	0	N/A	N/A	4169
Messenger, Randy RP SEA	Free Agent	0.0	0	0	0	0	0	0	0	0	0	0	N/A	N/A	4175
Cortez, Renee RP SEA	Free Agent	0.0	0	0	0	0	0	0	0	0	0	0	N/A	N/A	4177
Tejera, Michael RP CLE	Free Agent	0.0	0	0	0	0	0	0	0	0	0	0	N/A	N/A	4180
Brasier, Ryan RP ANA	Free Agent	0.0	0	0	0	0	0	0	0	0	0	0	N/A	N/A	4184
German, Franklyn RP CHW	Free Agent	0.0	0	0	0	0	0	0	0	0	0	0	N/A	N/A	4194
Villarreal, Oscar RP PHI	Free Agent	0.0	0	0	0	0	0	0	0	0	0	0	N/A	N/A	4199
Claggett, Anthony RP PIT	Free Agent	0.0	0	0	0	0	0	0	0	0	0	0	N/A	N/A	4203
Alvarado, Carlos A. RP SEA	Free Agent	0.0	0	0	0	0	0	0	0	0	0	0	N/A	N/A	4208
Simpson, Allan RP PIT	Free Agent	0.0	0	0	0	0	0	0	0	0	0	0	N/A	N/A	4219
Paronto, Chad RP BOS	Free Agent	0.0	0	0	0	0	0	0	0	0	0	0	N/A	N/A	4225
Hammond, Steven RP MIL	Free Agent	0.0	0	0	0	0	0	0	0	0	0	0	N/A	N/A	4229
Fultz, Aaron RP CIN	Free Agent	0.0	0	0	0	0	0	0	0	0	0	0	N/A	N/A	4236
Wahpepah, Joshua RP MIL	Free Agent	0.0	0	0	0	0	0	0	0	0	0	0	N/A	N/A	4239
Magrane, Jim RP WAS	Free Agent	0.0	0	0	0	0	0	0	0	0	0	0	N/A	N/A	4242
Pignatiello, Carmen RP CHC	Free Agent	0.0	0	0	0	0	0	0	0	0	0	0	N/A	N/A	4252
Owens, Henry RP FLA	Free Agent	0.0	0	0	0	0	0	0	0	0	0	0	N/A	N/A	4253
